filename,words
3271.jpg,ၽၼ်း
1950.jpg,လွၵ်ႈ
3655.jpg,သိင်ႈ
993.jpg,ၸိုတ်ႈ
343.jpg,ယိုဝ်း
3812.jpg,ပႃႈ
2227.jpg,တူမ်း
1513.jpg,ၸုၼ်
3977.jpg,ယၢင်ႉ
3243.jpg,ပွမ်ႇ
3228.jpg,ထုၺ်
3502.jpg,လႃ
774.jpg,ဝိင်
712.jpg,လၢၵ်ႊ
3073.jpg,လူမ်ႉ
1039.jpg,ၽုၺ်ႊ
550.jpg,ပူမ်ႊ
933.jpg,ယဵၼ်
273.jpg,ၵုမ်ႉ
1233.jpg,ၽူတ်း
2011.jpg,တၢင်ႉ
1375.jpg,ၽိူဝ်း
3559.jpg,ၵႅမ်ႈ
2915.jpg,ပူတ်း
1177.jpg,ၶူပ်ႇ
2903.jpg,လိင်း
122.jpg,မမ်
3260.jpg,ငႅမ်ႊ
3882.jpg,ပိင်ႊ
3955.jpg,ၸၢတ်ႉ
2013.jpg,လၢၼ်
3717.jpg,ယူဝ်
2365.jpg,တၼ်း
243.jpg,ပဵမ်
2496.jpg,ၵတ်း
4058.jpg,ထူင်း
3879.jpg,ဢမ်ႇ
3099.jpg,ၼိဝ်ႉ
1447.jpg,ၶွပ်ႇ
125.jpg,ၸၵ်ႈ
2507.jpg,ၼီး
1688.jpg,ယိူၼ်း
3369.jpg,ဢွၼ်ႇ
589.jpg,ၽိဝ်ႉ
1758.jpg,မူမ်ႊ
1888.jpg,ၽႆႇ
759.jpg,ၵႅမ်ႊ
186.jpg,ၶင်
1196.jpg,ယုၵ်း
2680.jpg,ၸူႉ
2596.jpg,ရွတ်ႈ
1835.jpg,ဝွပ်း
1267.jpg,တၢႆ
1246.jpg,ၵႂႆး
690.jpg,ဢိူၼ်ႉ
3650.jpg,ၽိမ်း
4032.jpg,ၽၢမ်း
3834.jpg,သူႊ
168.jpg,ၼၢဝ်ႉ
665.jpg,ၶဵဝ်း
1347.jpg,လၢၼ်ႊ
2135.jpg,ၾၢၼ်ႇ
3741.jpg,ထိုမ်ႈ
210.jpg,သၵ်ႈ
3090.jpg,ၵမ်
1764.jpg,ၵႅဝ်ႊ
1773.jpg,ထႃး
2185.jpg,ထႃႉ
3507.jpg,ၸုၵ်း
1041.jpg,လႅမ်း
1703.jpg,မွၵ်ႊ
1341.jpg,ႁၢၵ်ႈ
777.jpg,ၵိုင်ႉ
772.jpg,လႅပ်ႊ
192.jpg,ႁုင်
842.jpg,ပိတ်ႇ
1839.jpg,ဢႅပ်ႈ
883.jpg,ၼိပ်ႈ
389.jpg,ယူဝ်း
808.jpg,ၶိူဝ်ႉ
3947.jpg,ၸၢႆ
3837.jpg,ၼႅၼ်ႇ
24.jpg,ယွပ်ႉ
2059.jpg,ငႅမ်ႈ
303.jpg,ၵဵဝ်ႉ
1200.jpg,ပိၼ်း
3384.jpg,ၵွပ်း
411.jpg,ၵွတ်း
3619.jpg,ၼႅၼ်
769.jpg,တၢင်ႉ
3072.jpg,ယွၺ်
400.jpg,ၶူၼ်ႉ
2073.jpg,တိူင်ႉ
124.jpg,ႁွၺ်ႉ
237.jpg,ၽိုဝ်ႈ
3520.jpg,ပၢၼ်
2169.jpg,တူပ်ႇ
2257.jpg,ပဵဝ်
1694.jpg,လိူတ်ႊ
4041.jpg,ၸိုတ်ႇ
3996.jpg,လွၵ်ႈ
2005.jpg,ၼၢၵ်ႈ
983.jpg,မိုဝ်း
3142.jpg,ေသႃႇ
567.jpg,လိူဝ်ႈ
2842.jpg,ၶိတ်ႇ
1995.jpg,မွၼ်
3906.jpg,ႄႁ
2634.jpg,ၽိူၼ်
977.jpg,ထူဝ်း
1645.jpg,ႄၶ
3802.jpg,သၢႆႇ
3342.jpg,လွၵ်ႇ
1498.jpg,ၶူႊ
3394.jpg,လႅင်ႇ
2561.jpg,ၽူ
538.jpg,ၵႆ
1877.jpg,လွႆႇ
605.jpg,ၼွတ်း
1356.jpg,ၶိုဝ်ႉ
1698.jpg,ယဝ်ႉ
1476.jpg,မွႆႈ
3991.jpg,ၸၢႆ
1070.jpg,သိူၵ်ႇ
1737.jpg,ၶႂၢတ်ႇ
1504.jpg,ၵႅၼ်ႉ
3475.jpg,ၽိၼ်ႇ
3556.jpg,ယႅင်ႇ
3418.jpg,ေငႃး
3994.jpg,ၶူဝ်
3857.jpg,ၸွမ်
1601.jpg,ဝူတ်ႇ
1303.jpg,ၸၢင်ႈ
3754.jpg,ထၢတ်ႉ
3060.jpg,ငွၵ်း
2688.jpg,ငိူမ်ႉ
3345.jpg,ယႅဝ်
325.jpg,ေၸႃႊ
2036.jpg,ယင်
3316.jpg,ၵီး
4066.jpg,မုၼ်း
3277.jpg,မီ
3478.jpg,ဝုတ်း
1599.jpg,တႅမ်
814.jpg,ၶၼ်
2576.jpg,ထဝ်ႈ
3083.jpg,ဢဝ်
2748.jpg,ၵိုၵ်ႉ
1075.jpg,ၶႂႆႇ
1696.jpg,ၽိတ်ႇ
1861.jpg,လိုၼ်
416.jpg,သိတ်ႈ
3219.jpg,မုင်
258.jpg,သႅၼ်ႈ
170.jpg,ႄၶႇ
449.jpg,ၸၢင်
1175.jpg,ၶိၵ်း
2677.jpg,တူႊ
1345.jpg,ပၢပ်ႇ
1040.jpg,ယဝ်ႇ
442.jpg,ႁွၵ်ႇ
470.jpg,ေယႃ
2021.jpg,ၶၢၼ်ႉ
2996.jpg,ၽႃႉ
214.jpg,ယႅၵ်း
1454.jpg,ၼႆး
193.jpg,ၵူပ်း
2712.jpg,ၶႅမ်ႈ
4097.jpg,ၵွၼ်
1194.jpg,ၼွင်ႊ
29.jpg,လူဝ်ႈ
2124.jpg,ၼွင်
385.jpg,လွပ်ႈ
2505.jpg,လွၼ်း
47.jpg,သိုဝ်ႈ
1472.jpg,ႄၸႈ
2154.jpg,တိုဝ်ႇ
3267.jpg,ၸိတ်ႇ
1876.jpg,တၼ်း
4043.jpg,ထၢၵ်ႇ
2364.jpg,ၸိုမ်
1450.jpg,ယႅၼ်ႉ
2863.jpg,ဢူၺ်း
3448.jpg,ေႁႇ
3456.jpg,ၸိမ်
316.jpg,ထဝ်ႇ
1966.jpg,ၽႃး
857.jpg,ၸူႉ
704.jpg,မႆ
3330.jpg,ၶၢတ်ႈ
626.jpg,ၽိူဝ်
3455.jpg,ဢၢၵ်ႇ
679.jpg,ႁူၺ်ႈ
1452.jpg,ၶိုဝ်း
3424.jpg,ၶႅင်
2695.jpg,လွၼ်ႊ
1874.jpg,တၢၵ်ႈ
2951.jpg,ၵၢဝ်ႇ
3774.jpg,ဝၼ်း
51.jpg,တၢင်ႉ
2175.jpg,ၵၢၼ်ႈ
2081.jpg,ဝိူဝ်ႇ
2451.jpg,ၸၢႆႉ
1407.jpg,ဝိင်
1669.jpg,ၼႂ်း
2670.jpg,ၼီ
714.jpg,ၸိုင်ႈ
640.jpg,ေႁႃႉ
2919.jpg,ၸိူၵ်ႈ
1423.jpg,ၽွႆး
1940.jpg,ၽၢႆႈ
3606.jpg,ၶွႆး
700.jpg,ၺၢၵ်း
931.jpg,ဝိူင်ႈ
559.jpg,ထွၼ်ႇ
3985.jpg,လိဝ်ႈ
2193.jpg,ငုမ်ႉ
370.jpg,ႄယႇ
2335.jpg,ၶွႆ
3352.jpg,ဝိၼ်ႈ
3372.jpg,ႁီႉ
1583.jpg,ပိုင်ႇ
619.jpg,ပွၵ်း
2591.jpg,ၵွတ်ႇ
2372.jpg,လဵၵ်ႉ
1512.jpg,ၸုၼ်
1294.jpg,ၸုပ်
3874.jpg,ထူ
1355.jpg,ၵူႇ
1350.jpg,လုၼ်ႇ
1046.jpg,ယွႆႊ
942.jpg,ထုၺ်ႉ
3356.jpg,တိၼ်
1575.jpg,ဢၢႆႇ
3888.jpg,ႁၢတ်ႈ
2624.jpg,ယင်
4014.jpg,ၼင်
3022.jpg,ၸုၼ်း
1531.jpg,မိင်ႈ
1338.jpg,ဝၢၼ်ႉ
1661.jpg,ငႅဝ်
823.jpg,ၽုၺ်း
907.jpg,မိုပ်ႈ
878.jpg,သူၵ်ႉ
355.jpg,ၼဵင်
3850.jpg,ေၺႈ
2179.jpg,ပူႉ
1477.jpg,ၵႅင်ႊ
525.jpg,ပိူၵ်ႇ
1663.jpg,ႁုင်
3792.jpg,ပၢၼ်ႉ
3081.jpg,လုၵ်ႈ
8.jpg,လိပ်ႇ
1837.jpg,ပိုၼ်ႊ
3672.jpg,ပုတ်ႉ
3753.jpg,ယၢင်ႈ
1908.jpg,ဝၢမ်း
3091.jpg,ၵင်ႊ
451.jpg,တူၺ်ႇ
3522.jpg,သွင်း
3788.jpg,ယႅင်ႈ
3137.jpg,ၽီ
3711.jpg,ၶႅဝ်ႉ
432.jpg,ဢိူပ်ႇ
1581.jpg,လႅၵ်ႇ
1451.jpg,ထွၼ်း
2345.jpg,ၸိတ်ႇ
2312.jpg,ယၢၼ်ႊ
1061.jpg,ၺိပ်ႈ
2204.jpg,ႁွႆး
2795.jpg,ၶၢမ်း
3570.jpg,ၽိဝ်း
2838.jpg,ၶႅပ်ႉ
486.jpg,လဵတ်ႇ
382.jpg,ၽုၼ်ႇ
231.jpg,ၶင်ႊ
3233.jpg,မိူၼ်ႇ
3659.jpg,ၵင်း
551.jpg,ဝိၼ်ႇ
2613.jpg,ၶူး
3130.jpg,ၵမ်
3966.jpg,ႄသႇ
1083.jpg,ထွၵ်ႇ
242.jpg,ယမ်ႈ
15.jpg,ႁိုမ်
2386.jpg,မၵ်ႉ
36.jpg,ဢိင်ႊ
1769.jpg,ၶြႃႇ
58.jpg,သၢမ်ႊ
2764.jpg,ယိုၵ်ႉ
1008.jpg,ပူၵ်ႇ
2546.jpg,လၵ်ႉ
2821.jpg,ၼိုဝ်ႉ
1291.jpg,ၶွႆႇ
2392.jpg,ၵၢဝ်ႉ
3596.jpg,တႅဝ်ႇ
1729.jpg,ဢိပ်ႇ
1989.jpg,လိမ်း
2362.jpg,ထိူၼ်ႉ
3167.jpg,ပိုဝ်
1682.jpg,ရုၵ်ႉ
2413.jpg,လဝ်ႊ
3577.jpg,ၶူၼ်
671.jpg,ၵူင်း
1434.jpg,ၶၢင်ႉ
1378.jpg,ႁဵဝ်ႉ
763.jpg,ၽၢႆႈ
1432.jpg,ၶႂၢၵ်ႇ
611.jpg,ပိုင်း
368.jpg,မုတ်း
1634.jpg,ေသ
2085.jpg,မိုင်
3921.jpg,ပိုၵ်း
817.jpg,မႅၼ်
3097.jpg,ၶိုၼ်
6.jpg,ဢုမ်း
1635.jpg,ပႆႇ
1941.jpg,ဝူပ်ႇ
340.jpg,ေပႃႊ
3649.jpg,ထိၼ်ႇ
3344.jpg,ထူပ်း
45.jpg,ၵၼ်ႉ
2768.jpg,သိူမ်
198.jpg,ၽိူဝ်း
483.jpg,ၸွႆႊ
3738.jpg,မၢႆႊ
10.jpg,သုင်
3116.jpg,ယိူင်ႇ
537.jpg,ႁမ်ႈ
3232.jpg,ၵိပ်ႈ
3953.jpg,မီႇ
1227.jpg,ၸႅင်း
373.jpg,ပိၵ်း
745.jpg,တူပ်ႈ
2439.jpg,ႁဵဝ်း
3403.jpg,ေဝး
1384.jpg,ႁူမ်ႊ
461.jpg,ထၢတ်း
3498.jpg,ဢူပ်ႈ
144.jpg,ပမ်ႉ
477.jpg,တၢင်ႇ
1768.jpg,တဝ်ႇ
3123.jpg,မၢၼ်ႈ
1238.jpg,ၽႅဝ်ႉ
720.jpg,ထွင်ႊ
2997.jpg,မၢၼ်
1938.jpg,ၸႅပ်း
991.jpg,ၵိူၵ်း
641.jpg,ႄယႉ
46.jpg,ပုင်ႈ
348.jpg,ၶိူဝ်ႉ
1171.jpg,ၵုတ်ႈ
3530.jpg,ႁူင်ႈ
566.jpg,ယုမ်း
2711.jpg,ၸၢမ်း
1832.jpg,ဝိဝ်ႉ
1049.jpg,ႁိုၵ်ႉ
3653.jpg,လွၼ်ႉ
336.jpg,ဝဵၼ်ႉ
2000.jpg,သိဝ်း
1570.jpg,ၸႅၵ်ႊ
151.jpg,ပိုင်ႇ
719.jpg,ေၵႃး
1420.jpg,တူပ်း
249.jpg,ထွႆ
1393.jpg,ၽူတ်း
3102.jpg,သင်ႇ
3884.jpg,ႄၵႈ
1561.jpg,ႁၢႆ
2682.jpg,သုင်း
2106.jpg,တဵင်ႈ
478.jpg,ၸိၵ်ႉ
3658.jpg,တၼ်
1841.jpg,တႅတ်း
3904.jpg,ဢွမ်ႇ
304.jpg,ထုၼ်ႊ
292.jpg,ငၢမ်း
1221.jpg,ယၢၼ်
713.jpg,ၼိူင်း
3257.jpg,သဵၼ်း
2404.jpg,လႅၼ်ႈ
3198.jpg,လဵပ်ႇ
3017.jpg,သၢင်
2516.jpg,ထိူမ်
2029.jpg,ၶၢပ်ႈ
590.jpg,ရူတ်ႉ
2611.jpg,ၶႅဝ်ႇ
1846.jpg,မူတ်း
1305.jpg,လူၼ်း
1339.jpg,ပိူပ်ႈ
3778.jpg,လိဝ်
2732.jpg,ႁၼ်
2757.jpg,ၸိင်ႊ
3914.jpg,ၽႆ
320.jpg,တိတ်း
1062.jpg,ၸႃႇ
1021.jpg,သႅင်ႈ
3290.jpg,မိင်ႈ
172.jpg,ဢွတ်ႉ
1217.jpg,ႁမ်ႉ
1099.jpg,တိူၼ်
3749.jpg,ၸိူၼ်း
533.jpg,ၵႅတ်း
3268.jpg,ႁဵမ်ႇ
1826.jpg,ၼူၼ်း
1239.jpg,ၵႃႊ
1886.jpg,ဝဵင်ႇ
2566.jpg,သႅဝ်ႉ
3274.jpg,ႁႃႇ
2777.jpg,မႆႉ
3757.jpg,ေၶႇ
1806.jpg,တိၼ်း
1774.jpg,မႅပ်ႊ
3714.jpg,မင်ႈ
3466.jpg,သွၵ်ႊ
1048.jpg,ဢိင်ႊ
670.jpg,လပ်း
702.jpg,တိူဝ်ႉ
584.jpg,ႁၢပ်ႈ
1983.jpg,ဢိူပ်း
2.jpg,ဝၢဝ်း
2829.jpg,ၸၢတ်း
1142.jpg,ၸွတ်ႉ
2164.jpg,ပႅၵ်ႉ
1686.jpg,ဢၢဝ်ႊ
787.jpg,ၶိုင်ႈ
298.jpg,သူပ်း
2943.jpg,တႅင်ႇ
251.jpg,မၢၼ်
1641.jpg,ထႅမ်
3189.jpg,ၸုင်
84.jpg,ဝူပ်ႇ
1569.jpg,ႁွႆ
149.jpg,ေတႃး
1588.jpg,ဢွၺ်ႇ
3989.jpg,ၵျႃႇ
3013.jpg,ၽွၵ်း
3891.jpg,ပူၵ်း
4060.jpg,ၵိုဝ်း
1571.jpg,တႃ
2557.jpg,ဢူင်
142.jpg,သႃႈ
3832.jpg,ဢိုၵ်ႉ
2318.jpg,ၶိူင်ႊ
1597.jpg,ဢႅၵ်း
914.jpg,ယႂ်ႇ
884.jpg,ၶဵၼ်း
3098.jpg,ပၢတ်း
3005.jpg,ယိူဝ်ႇ
2221.jpg,မၼ်ႊ
1718.jpg,မွမ်
3796.jpg,ငႅမ်ႈ
1976.jpg,ၶုင်း
87.jpg,ၵင်ႇ
531.jpg,သႅင်
3414.jpg,ပုၵ်ႈ
984.jpg,လၢၼ်ႇ
828.jpg,ၼဵပ်း
2906.jpg,ပိူၼ်ႊ
971.jpg,ၵၵ်း
3945.jpg,ၶဵတ်ႇ
767.jpg,ပိုင်
169.jpg,လၢတ်ႊ
535.jpg,ဢၢႆ
3379.jpg,ေဝႃႈ
3205.jpg,ထၢင်ႊ
1646.jpg,ဢၢႆ
832.jpg,ထူဝ်
776.jpg,ၵဵၼ်ႊ
1130.jpg,ထင်
3901.jpg,ၵွတ်ႉ
1713.jpg,မုၵ်ႉ
1881.jpg,ၼၢမ်
3910.jpg,ဢိုၼ်ႈ
2653.jpg,ပုၼ်ႊ
2890.jpg,ပႂၢင်း
2724.jpg,ထိုင်ႈ
3192.jpg,ၸတ်ႉ
2509.jpg,ယွင်ႈ
3557.jpg,သတ်ႉ
2872.jpg,ႁႅတ်း
2508.jpg,ၵႅၼ်း
3235.jpg,မုင်ႊ
3979.jpg,ပုင်ႉ
361.jpg,မၢၼ်ႇ
1320.jpg,သွင်း
260.jpg,ၶဵတ်း
2354.jpg,သွၵ်ႊ
569.jpg,ထဝ်ႈ
1090.jpg,တႅၵ်ႇ
3896.jpg,ငုၼ်း
265.jpg,မုင်ႇ
2466.jpg,ပၢႆႉ
651.jpg,တုၺ်ႈ
3818.jpg,လိူတ်ႈ
3988.jpg,ဢုင်ႇ
156.jpg,လုၼ်း
3780.jpg,ၺိၼ်း
294.jpg,ၸႃႈ
3366.jpg,ပွႆး
52.jpg,ဝီႉ
3465.jpg,ဢဵဝ်ႈ
1982.jpg,လူၵ်ႊ
2368.jpg,ၽူၵ်ႊ
1394.jpg,ဝိပ်ႇ
1539.jpg,ၸီး
1945.jpg,ဢၢၵ်း
963.jpg,ၸိူၼ်း
1927.jpg,ဝၼ်ႈ
2108.jpg,သုပ်ႈ
59.jpg,ၶင်
157.jpg,ဝၵ်ႉ
2057.jpg,ၼႃႉ
3276.jpg,ၽုၺ်ႇ
3903.jpg,ၸွႆႉ
328.jpg,မႅၵ်း
2061.jpg,ငုတ်ႉ
2676.jpg,ၶင်ႊ
3928.jpg,ႁုၼ်ႊ
3087.jpg,ပိတ်ႉ
116.jpg,ႁိင်း
3851.jpg,ႁူဝ်ႊ
468.jpg,ၵႅဝ်း
3158.jpg,လၢမ်ႈ
358.jpg,ဝၢတ်ႈ
3952.jpg,ေဢ
1193.jpg,ပိၵ်ႈ
2361.jpg,သၢင်ႊ
3357.jpg,ၸၢၼ်ႈ
2082.jpg,ၶူၺ်ႇ
634.jpg,ငႅပ်း
1096.jpg,ႁၢႆႇ
3395.jpg,ႄတႉ
3542.jpg,ၸွမ်ႊ
3139.jpg,ယၢပ်ႇ
734.jpg,မွပ်း
2823.jpg,ထၢမ်
2770.jpg,ႄငႈ
280.jpg,ငူဝ်း
1578.jpg,ရႃႇ
71.jpg,လွၵ်ႉ
2916.jpg,ၵူၵ်း
627.jpg,ထုၵ်း
2074.jpg,မိူၼ်
686.jpg,ငႅပ်ႉ
866.jpg,ဢၢၼ်ႈ
3024.jpg,ပၢင်
2984.jpg,ေလႃႇ
1683.jpg,ေမႃႇ
2436.jpg,ႁွၼ်ႇ
1204.jpg,ႁိူၼ်ႇ
1671.jpg,ယိူၼ်း
1357.jpg,ႁိုမ်း
1527.jpg,ၼႆး
2191.jpg,ေယး
1328.jpg,မုတ်း
3554.jpg,ၵူမ်း
219.jpg,ႄဝႉ
3201.jpg,မူင်း
2331.jpg,ၵႅမ်ႈ
549.jpg,ၽွမ်
2458.jpg,ယွင်ႇ
4.jpg,သၢၼ်ႈ
3487.jpg,ယႃႈ
3980.jpg,သုၵ်း
3804.jpg,မိူဝ်ႈ
2583.jpg,ပိုၼ်ႇ
1795.jpg,ၵွင်ႈ
3657.jpg,ဢုၼ်ႉ
3709.jpg,ဝူဝ်
3008.jpg,တႅၵ်ႊ
697.jpg,ၽဝ်
1067.jpg,ၽွၺ်း
953.jpg,ထႃး
508.jpg,ႁႃး
2608.jpg,ၶႅဝ်ႉ
1850.jpg,ၼိဝ်ႉ
809.jpg,ၶုတ်ႇ
3509.jpg,ၶုၼ်ႊ
3908.jpg,ဝိင်ႈ
2378.jpg,ၵဵပ်း
652.jpg,တႅင်း
154.jpg,တုၼ်း
1162.jpg,ႁိုဝ်ႉ
2657.jpg,ထီႇ
1700.jpg,ၶွင်း
2412.jpg,ဢၢၼ်
457.jpg,ႁိပ်ႈ
3579.jpg,မိုၼ်ႇ
2697.jpg,ၽုၺ်ႊ
1615.jpg,ပူၺ်း
3333.jpg,တုင်း
1160.jpg,ထိူပ်း
3675.jpg,တႅၵ်ႉ
3940.jpg,ဢိုပ်း
1732.jpg,ယူဝ်း
2658.jpg,ၸဵၵ်ႇ
1051.jpg,ႁႅတ်ႇ
4034.jpg,ယိပ်ႉ
1037.jpg,တဝ်ႇ
4040.jpg,ႄလႇ
381.jpg,ႄပႇ
4067.jpg,ၶူ
1314.jpg,ၶမ်
725.jpg,ႁဵမ်ႇ
408.jpg,ၸူ
2702.jpg,ဢၢဝ်ႇ
1946.jpg,လုမ်း
3867.jpg,ၸွင်ႉ
3856.jpg,ေဝႃ
770.jpg,ယႃး
3049.jpg,ၶႂၢင်း
3462.jpg,ဝၢၼ်ႉ
2927.jpg,ငဵဝ်ႉ
3705.jpg,ဝွၵ်း
1446.jpg,ၶၢၼ်ႇ
69.jpg,သွၼ်
1853.jpg,ငၵ်ႇ
2159.jpg,ယၢင်
3159.jpg,ေၼ
3421.jpg,လုင်း
1108.jpg,ထုတ်ႉ
2499.jpg,ႁွမ်ႈ
3712.jpg,ၽိုတ်ႉ
925.jpg,ထႅတ်း
2918.jpg,လၼ်ႈ
3936.jpg,ႁႅင်
3194.jpg,ၽိူမ်
4026.jpg,ေႁ
649.jpg,ၵီႈ
2408.jpg,တၼ်ႊ
2560.jpg,ဝတ်ႉ
474.jpg,ၼိင်ႇ
2911.jpg,ၵိုမ်း
1871.jpg,မုင်ႇ
2018.jpg,လႅၼ်ႇ
1163.jpg,ေၶ
2349.jpg,မၢဝ်ႇ
1594.jpg,ႁိူၼ်ႉ
3117.jpg,ၸမ်ႈ
1373.jpg,တုမ်ႈ
1340.jpg,ၸၢႆႇ
2538.jpg,ၼုမ်ႇ
935.jpg,သပ်ႉ
812.jpg,ေမး
327.jpg,တပ်ႉ
2187.jpg,သုၺ်
2206.jpg,ငိၼ်း
490.jpg,ထဝ်
3820.jpg,တိုၼ်း
448.jpg,ပၢၵ်ႊ
287.jpg,ၵၢၼ်း
3187.jpg,သၢဝ်ႊ
3880.jpg,ငင်ႇ
2565.jpg,ရၢၼ်ႇ
2122.jpg,ဝူၼ်ႉ
3685.jpg,ႁုၼ်ႊ
2856.jpg,ႁဵင်း
2268.jpg,ၽၢင်ႊ
898.jpg,ႁိပ်ႈ
1050.jpg,လူး
1433.jpg,ႁိူၵ်ႊ
2190.jpg,လုၵ်ႇ
723.jpg,ၶိတ်း
94.jpg,ႁႃႉ
2001.jpg,တူဝ်ႈ
1605.jpg,တႅပ်ႈ
1557.jpg,ၽဵတ်း
2743.jpg,ၾၢင်ႉ
3435.jpg,ၶင်ႊ
1224.jpg,မီႈ
1602.jpg,ပဵဝ်း
4072.jpg,ႁိုဝ်
1140.jpg,ဢဵမ်ႈ
888.jpg,လွမ်ႈ
3512.jpg,သွၼ်ႉ
1543.jpg,ၵမ်ႉ
1840.jpg,ထုမ်း
3915.jpg,ၵမ်
171.jpg,ထႃ
2917.jpg,ေလႈ
2495.jpg,လိုၵ်း
836.jpg,ၽၢၼ်း
1117.jpg,လၵ်ႈ
1813.jpg,ၽူၺ်း
2280.jpg,ပႃႇ
2288.jpg,ၵႅင်ႈ
433.jpg,လူမ်
3637.jpg,ႄၼႉ
560.jpg,ဢဵၼ်ႈ
3151.jpg,ၼွၼ်ႉ
1086.jpg,ၽႆႇ
1064.jpg,ၶၢတ်ႇ
482.jpg,ထႆႈ
2201.jpg,သႅၵ်း
1603.jpg,တပ်ႉ
3062.jpg,ဢူ
3114.jpg,ၶွပ်ႈ
205.jpg,ဝဝ်း
1824.jpg,မၢၼ်ႊ
3293.jpg,ႁပ်ႉ
1258.jpg,ထမ်း
488.jpg,ၵၢဝ်ႇ
323.jpg,ၵႅင်ႉ
1511.jpg,တူႈ
1319.jpg,ၵွင်း
2032.jpg,ၵၢၼ်ႇ
1798.jpg,ၽဵင်ႇ
509.jpg,တမ်ႊ
229.jpg,ပွတ်ႉ
1491.jpg,လူင်ႉ
577.jpg,ငၵ်ႇ
952.jpg,တွၼ်ႈ
2200.jpg,သႅၼ်ႇ
2333.jpg,ၵၢင်ႈ
3967.jpg,ၽုတ်း
1745.jpg,လီႉ
1896.jpg,ၽုတ်ႇ
580.jpg,ယဵၵ်ႉ
2572.jpg,ႁၢၼ်ႇ
3405.jpg,ပဵၼ်
3080.jpg,လႅမ်း
1104.jpg,ၶၢတ်ႇ
3790.jpg,ငၢင်ႉ
1687.jpg,တဵတ်ႈ
3968.jpg,ပႃႇ
2891.jpg,ဝိုတ်ႈ
1264.jpg,လဵဝ်ႊ
2080.jpg,မပ်ႉ
3758.jpg,ဢိုင်ႈ
1331.jpg,ႄထႉ
999.jpg,ၽွၺ်
1120.jpg,ၶိုၵ်ႉ
2832.jpg,ႁႅၼ်ႈ
2955.jpg,ၵမ်
2276.jpg,ၵူၺ်ႇ
476.jpg,ပဵဝ်ႊ
3387.jpg,လီႈ
572.jpg,မဵၼ်ႈ
2973.jpg,ႁွၵ်း
711.jpg,ၼၢမ်ႉ
3368.jpg,ဢဝ်ႇ
2189.jpg,ႄၶႉ
976.jpg,သၼ်ႊ
1624.jpg,ပၢၼ်ႈ
2441.jpg,မူဝ်
3573.jpg,ဝုၼ်ႉ
1057.jpg,ၾူၼ်
3222.jpg,တိူင်ႉ
3524.jpg,ၵိၵ်ႉ
574.jpg,ပိုင်
3872.jpg,ၽီ
1820.jpg,ငီႈ
1400.jpg,မိပ်ႇ
3.jpg,ၶွင်
934.jpg,ထုင်ႈ
3527.jpg,တုတ်ႈ
98.jpg,ဝူၼ်ႉ
2809.jpg,ယိၼ်း
4095.jpg,သၢဝ်ႈ
2138.jpg,ႄလ
1829.jpg,ေယႃး
113.jpg,ပိုဝ်
1785.jpg,တင်ႊ
188.jpg,ၸူး
3551.jpg,ယုၵ်း
479.jpg,ဢႅၵ်ႇ
1296.jpg,ငူင်ႈ
3729.jpg,ၵဵတ်
1474.jpg,ထိၼ်ႇ
2262.jpg,ထွၼ်ႉ
301.jpg,သူတ်ႇ
496.jpg,သႅၵ်း
1255.jpg,ယႆ
1969.jpg,ၵွပ်ႊ
2182.jpg,ၶႅၵ်း
2160.jpg,ၽူင်း
14.jpg,ၶိင်ႇ
3154.jpg,ႁူဝ်ႈ
2707.jpg,ၶုင်း
1987.jpg,ၶူၼ်ႈ
4081.jpg,ဢွႆ
3635.jpg,မၢႆ
3511.jpg,မၢဝ်ႉ
1544.jpg,ဢူၼ်း
3007.jpg,ယီႈ
261.jpg,ေတႃႉ
2633.jpg,ငၢႆး
1079.jpg,ဝွၼ်ႉ
2876.jpg,ဢၢၼ်ႇ
3101.jpg,ဢမ်ႇ
107.jpg,လိုပ်ႈ
305.jpg,ေၼႃႉ
4076.jpg,ယိုတ်း
2857.jpg,ၶၢၼ်ႊ
2462.jpg,တႅင်
1988.jpg,ေတႊ
3957.jpg,ပိၼ်း
1823.jpg,ၶုတ်ႇ
829.jpg,ၶဵဝ်
2926.jpg,ၶိုပ်ႈ
2099.jpg,ယုတ်ႈ
179.jpg,ပိၵ်ႇ
1055.jpg,ၶႅဝ်ႇ
3425.jpg,ႁွမ်ႈ
3532.jpg,ယူၵ်ႉ
2401.jpg,ၵုင်
2793.jpg,ၵၢမ်
419.jpg,လၢင်ႈ
1157.jpg,လူၼ်ႇ
3095.jpg,ငႃႈ
1956.jpg,တွႆး
2443.jpg,ဢိူမ်
2252.jpg,ေဢႃႉ
3149.jpg,ၽွၼ်ႇ
3446.jpg,သိၵ်ႈ
161.jpg,လိူၼ်ႈ
3617.jpg,ဢိုၼ်ႊ
1146.jpg,လႅပ်ႊ
615.jpg,တိုမ်း
2156.jpg,ဝွပ်ႈ
1651.jpg,ၼဵဝ်ႈ
3162.jpg,ၵႅဝ်ႊ
2689.jpg,သီး
2641.jpg,ဝၢၼ်း
1766.jpg,တိင်ႈ
2327.jpg,ငႅပ်း
1931.jpg,တႂ်
3704.jpg,ၸူး
3715.jpg,ႁိုၼ်ႊ
557.jpg,ယွမ်ႉ
289.jpg,ၼပ်ႉ
3954.jpg,မပ်ႉ
1006.jpg,ယႅင်ႈ
1186.jpg,လၢင်ႈ
938.jpg,ၸၵ်ႉ
897.jpg,ႁီ
1778.jpg,ယူတ်ႈ
2471.jpg,ၸႂႃ
1276.jpg,ၸဵတ်ႈ
660.jpg,ႁဵမ်း
1222.jpg,ၾၵ်ႉ
1741.jpg,ၸိတ်း
2440.jpg,ၶႆႊ
2594.jpg,ႁွၺ်ႉ
1691.jpg,ၸပ်း
3919.jpg,မႅဝ်ႇ
2774.jpg,ၵိုဝ်း
2229.jpg,ယမ်
3814.jpg,ႁီႇ
1461.jpg,ၵွၼ်ႉ
1481.jpg,ၵူဝ်ႊ
2994.jpg,ထွၼ်း
889.jpg,ဢွမ်ႈ
937.jpg,ဝၢင်ႉ
2928.jpg,ၽႆး
2417.jpg,ဢိင်း
1807.jpg,ၾူႉ
3533.jpg,လုတ်း
1549.jpg,လၢၼ်း
4042.jpg,ဢိူၵ်း
40.jpg,ရူင်း
145.jpg,ယီႊ
1897.jpg,မၢင်း
2066.jpg,မိတ်ႈ
4030.jpg,ေထ
761.jpg,တဝ်း
3034.jpg,လိုင်ႊ
159.jpg,ဝိပ်ႇ
2256.jpg,ၵွႆႈ
3795.jpg,မွတ်း
1412.jpg,မုတ်ႉ
1262.jpg,ႁွင်း
2718.jpg,ေမႃး
2710.jpg,တိုၵ်ႉ
236.jpg,ငႅၵ်ႈ
2176.jpg,သွႆႈ
2223.jpg,ၽူမ်
2270.jpg,ဢႅၼ်ႇ
2968.jpg,ၸိူမ်ႊ
2629.jpg,မႅတ်ႉ
1593.jpg,ၽူဝ်
1002.jpg,ယႅၼ်ႊ
2478.jpg,ၵၢမ်ႇ
2432.jpg,ထႃႈ
3993.jpg,တၢတ်ႇ
3164.jpg,သူ
2675.jpg,ႁဵတ်ႈ
1395.jpg,ဝွႆႉ
126.jpg,ႁိင်ႇ
905.jpg,ငိုဝ်ႉ
1047.jpg,ဢိဝ်ႉ
318.jpg,ၶူပ်း
2627.jpg,မႂ်ႇ
3339.jpg,ၼၵ်း
691.jpg,ထဝ်
3913.jpg,လုၺ်း
1592.jpg,ၸၢမ်း
3438.jpg,ၵိူၼ်ႉ
3136.jpg,တူဝ်ႈ
446.jpg,ၶုၺ်ႉ
1444.jpg,ထူဝ်ႉ
1551.jpg,ႁႂ်ႇ
3360.jpg,ပုင်ႈ
3585.jpg,သႂၢင်ႇ
2553.jpg,ၽၼ်း
906.jpg,ပုၼ်ႈ
76.jpg,ၼမ်
326.jpg,ဝုၼ်
709.jpg,တုမ်ႇ
862.jpg,ထုၵ်ႈ
3144.jpg,မူင်ႊ
1456.jpg,ငူဝ်း
2845.jpg,ငုၵ်း
1921.jpg,သွမ်
3673.jpg,ဢူတ်ႉ
374.jpg,တူၼ်ႉ
191.jpg,ယွမ်ႉ
1387.jpg,ဝၵ်ႉ
235.jpg,သွၼ်ႈ
2674.jpg,ပွတ်ႉ
2293.jpg,ၼဵမ်ႈ
3146.jpg,ၸၢင်ႊ
1324.jpg,ေဝႇ
1273.jpg,ထႅပ်း
475.jpg,သင်ႇ
980.jpg,ၽၢႆႈ
1598.jpg,လွပ်း
1600.jpg,လဝ်ႉ
2924.jpg,တီႊ
3373.jpg,ငိၵ်း
2157.jpg,ၸီ
1448.jpg,ၵုမ်
3807.jpg,ၸၢင်ႊ
1577.jpg,ၶႅၵ်ႉ
3479.jpg,ၶွၼ်ႉ
3920.jpg,ၵူပ်း
2542.jpg,ေထႃႈ
3598.jpg,လၢတ်ႊ
1757.jpg,ဢႃႇ
1265.jpg,ၽွမ်
1930.jpg,လိဝ်း
1546.jpg,ၸႅၵ်း
421.jpg,ၶင်း
501.jpg,လၢမ်း
2104.jpg,တူင်ႈ
1202.jpg,လဵတ်ႇ
2112.jpg,ၽႅတ်ႇ
3727.jpg,ပွပ်း
532.jpg,မူၼ်ႇ
3615.jpg,သုတ်ႈ
1225.jpg,သိုဝ်ႈ
2664.jpg,ၶုပ်ႉ
854.jpg,ဢိူင်
2672.jpg,ႁဵၵ်း
1934.jpg,ၵုမ်ႇ
4053.jpg,ၵွမ်း
1465.jpg,မွၵ်ႊ
2161.jpg,ပိုတ်ႇ
3497.jpg,တဵမ်
147.jpg,မႅၼ်း
5.jpg,ၸမ်ႊ
49.jpg,ပႅင်ႈ
4011.jpg,ၺၢၵ်း
3521.jpg,မုမ်ႈ
3510.jpg,ႁိူင်
1658.jpg,ဢၢမ်ႇ
3439.jpg,ၽၢဝ်ႇ
3819.jpg,လွၵ်ႈ
4036.jpg,ပူၵ်ႉ
3324.jpg,ပိင်
2097.jpg,သုင်း
3170.jpg,ၶႂၢင်း
1322.jpg,ၺႃႉ
2158.jpg,ထွႆႈ
2547.jpg,ၶူင်ႊ
1993.jpg,လိုင်ႈ
1337.jpg,ႁွႆႉ
873.jpg,ႄသႇ
940.jpg,ၼွတ်ႈ
2940.jpg,သႅဝ်း
1767.jpg,လၢၼ်ႉ
3362.jpg,ၼုၼ်ႈ
430.jpg,ဢုၼ်ႈ
4010.jpg,ၶိုဝ်း
2901.jpg,လွၼ်ႇ
1212.jpg,မွႆႈ
2685.jpg,ႁၢႆႉ
576.jpg,မူၼ်ႊ
3776.jpg,ၵၢမ်
1836.jpg,ဝွင်း
3946.jpg,ဝွၼ်ႇ
4070.jpg,သႅင်ႉ
1257.jpg,ၶူပ်ႉ
2163.jpg,ေဢႃ
2820.jpg,ႄၼႉ
2467.jpg,ၼူပ်ႈ
1547.jpg,ဝၵ်း
585.jpg,ၶွမ်ႈ
2088.jpg,ၵုၺ်ႊ
2051.jpg,ယူၵ်ႇ
2152.jpg,ဝၢမ်ႉ
2251.jpg,သူၺ်း
859.jpg,ၸိုပ်ႉ
3581.jpg,ၽွတ်ႊ
819.jpg,ႁင်
3681.jpg,သုမ်
1080.jpg,မူၼ်ႈ
3040.jpg,ဝဝ်း
2889.jpg,တြႃး
3150.jpg,ဢဵၼ်ႈ
19.jpg,ဢိုမ်
12.jpg,ဢဵင်း
2720.jpg,ဝၢႆႈ
1814.jpg,ထဝ်ႈ
2693.jpg,ထၢင်
383.jpg,ႁူတ်ႈ
4059.jpg,ပုၵ်ႇ
1059.jpg,ေၺႃႇ
2430.jpg,ၼဵင်
1377.jpg,လူမ်ႈ
587.jpg,ေပႊ
3020.jpg,ၵိုဝ်း
540.jpg,ၶႂၢၼ်ႇ
396.jpg,ၵႅပ်ႇ
1141.jpg,ၵႃႉ
3969.jpg,ထၢႆႉ
3305.jpg,ၸိုၼ်
2725.jpg,ယဵဝ်
800.jpg,ၸွႆး
779.jpg,လႅဝ်
11.jpg,မွႆ
643.jpg,လူမ်း
1559.jpg,ၽွင်ႈ
2887.jpg,ၶုင်ႈ
2849.jpg,မွတ်ႇ
2985.jpg,ၽၢဝ်ႉ
3270.jpg,ၵိုင်
3140.jpg,ဢႅပ်း
462.jpg,ၵႅင်ႇ
801.jpg,ဝိုၼ်
268.jpg,ပွႆး
2788.jpg,ႁၢင်ႈ
2084.jpg,ၸိတ်ႇ
646.jpg,တွပ်ႈ
2107.jpg,ၵႅင်း
3732.jpg,လုၵ်း
1772.jpg,ယၢတ်ႇ
2993.jpg,လူဝ်ႉ
450.jpg,ၸူၼ်ႉ
3263.jpg,ယိူၼ်ႉ
885.jpg,ပွၵ်ႇ
4022.jpg,တိူၵ်ႊ
2652.jpg,တူႉ
1275.jpg,ငွမ်ႇ
1788.jpg,ႁၢႆႈ
1906.jpg,ထင်ႈ
1208.jpg,ၽဵဝ်ႈ
2489.jpg,လွမ်း
445.jpg,ဢီႇ
3922.jpg,လႅမ်
3307.jpg,ဢၢၼ်ႇ
2896.jpg,ရမ်ႇ
2109.jpg,ၸိင်
1614.jpg,ဢွၼ်း
2336.jpg,ႄပး
2400.jpg,ႁုတ်ႈ
722.jpg,ၸၢမ်
1173.jpg,တုၺ်ႇ
3436.jpg,ၸွၼ်ႊ
3177.jpg,သၼ်း
2272.jpg,သိၵ်ႈ
1756.jpg,ဝွမ်း
2307.jpg,တိုပ်ႈ
1984.jpg,ယိုဝ်ႊ
706.jpg,ဢႅၼ်ႇ
1623.jpg,ႁႅပ်ႇ
523.jpg,ၺႅၼ်း
3607.jpg,ၽိတ်ႉ
211.jpg,ငုတ်ႉ
954.jpg,သႆး
3010.jpg,ထွင်ႈ
3121.jpg,ပွတ်ႈ
1655.jpg,ၸႅပ်ႉ
3391.jpg,ၽႅၵ်ႇ
674.jpg,ႁိုၵ်ႈ
1862.jpg,ေဝႃႉ
2747.jpg,ၸွၼ်ႈ
1979.jpg,လၢၵ်ႊ
2907.jpg,ဢတ်း
667.jpg,ႁုၺ်ႉ
2319.jpg,ေႁႇ
2650.jpg,ပိူပ်ႈ
978.jpg,မုၵ်ႊ
871.jpg,သူၺ်ႉ
2740.jpg,ပိူဝ်း
2703.jpg,ဢိုၼ်ႈ
1442.jpg,ၶဵၼ်ႇ
252.jpg,ႁိုတ်း
998.jpg,လိုၼ်ႉ
778.jpg,ပႆႇ
3093.jpg,ၸုပ်ႊ
3221.jpg,ႄယႈ
412.jpg,ထႃႈ
3261.jpg,ၵိူဝ်ႇ
892.jpg,တႅၼ်ႇ
3716.jpg,ၵၢဝ်း
2827.jpg,ေလႇ
1351.jpg,သင်ႉ
3590.jpg,ၺႅၼ်
3564.jpg,ေထႃႉ
1415.jpg,ၸိင်
2260.jpg,ၸဵမ်း
106.jpg,ၸၢပ်ႇ
3202.jpg,ေထႃႈ
4074.jpg,ဢႅၵ်း
1371.jpg,ႁိုတ်း
2077.jpg,မႃႇ
306.jpg,ၸုပ်ႇ
707.jpg,ဢႅမ်ႉ
3843.jpg,ႁိူဝ်ႉ
1168.jpg,ထူပ်ႉ
3794.jpg,ၽူႊ
2830.jpg,ႁမ်ႇ
1114.jpg,ၸွၵ်ႊ
1775.jpg,ႁႅၵ်း
2273.jpg,ထွၼ်း
2708.jpg,သၢဝ်ႈ
2582.jpg,ၾူႇ
290.jpg,ၶႆႊ
166.jpg,ဢိူင်ႇ
110.jpg,ပႅပ်း
1997.jpg,ၸူဝ်ႈ
2484.jpg,လၢတ်ႇ
2574.jpg,လိူတ်ႇ
1473.jpg,ငၢင်
1501.jpg,သၢင်ႉ
858.jpg,လိၼ်ႉ
254.jpg,ေၵႃႈ
1007.jpg,ၵၵ်း
2604.jpg,ၶမ်း
4002.jpg,ဢဝ်
3252.jpg,မိူၼ်
2762.jpg,လူဝ်ႈ
3111.jpg,ဝၼ်း
1629.jpg,ၼီႇ
3599.jpg,ပၢပ်း
3085.jpg,လူႈ
3050.jpg,ႄတႉ
209.jpg,မိင်ႈ
3240.jpg,ပၢၼ်ႉ
1058.jpg,ႁဵမ်း
705.jpg,ေငႃႈ
659.jpg,ႁၢင်ႊ
926.jpg,ၸုင်ႈ
2383.jpg,ပီ
4086.jpg,မိပ်ႇ
431.jpg,ယၢင်ႉ
2905.jpg,ပိူဝ်ႉ
3374.jpg,ယူမ်ႉ
1564.jpg,သၢတ်ႈ
699.jpg,မွတ်ႉ
375.jpg,ဝၢၼ်ႊ
2205.jpg,တၢမ်ႊ
1028.jpg,သမ်ႉ
1422.jpg,ၼီႉ
2763.jpg,ၽၢတ်ႈ
798.jpg,လႃႈ
1374.jpg,ဝီႈ
628.jpg,သွႆႉ
2314.jpg,ၵႂၢႆႉ
2019.jpg,ႁၢၼ်
1358.jpg,ၼပ်ႉ
2047.jpg,ၼူမ်း
2338.jpg,ထၢမ်
2880.jpg,ၵၼ်ႈ
1364.jpg,သိုင်ႇ
3089.jpg,ၶၢမ်
4004.jpg,ၶႅၼ်
1536.jpg,မုၵ်ႊ
3385.jpg,ၵူဝ်ႊ
2444.jpg,ၸူၵ်း
989.jpg,ဝႆ
3682.jpg,ၽွၼ်ႉ
2384.jpg,ပူၵ်ႉ
1625.jpg,ပုၼ်ႉ
939.jpg,ဝုင်ႇ
2228.jpg,လိဝ်
773.jpg,သၢၼ်ႈ
1237.jpg,ထၢဝ်း
164.jpg,ၸူႈ
781.jpg,ၵူင်ႇ
1167.jpg,သၼ်း
2841.jpg,ဢူၼ်ႈ
1973.jpg,ဝဝ်ႈ
2681.jpg,ဢွင်
3429.jpg,ၶၢမ်း
3984.jpg,ႁၢၼ်ႉ
2736.jpg,ၵုၵ်ႉ
3012.jpg,ဢွႆႉ
2290.jpg,ၼူဝ်
2644.jpg,ၶိူင်
2846.jpg,မၢင်ႊ
3036.jpg,ၽြႃး
3210.jpg,ႁိူင်
3821.jpg,တၢႆႊ
195.jpg,ၽႅင်ႇ
3265.jpg,ၽွင်း
3555.jpg,ႁိုၼ်
354.jpg,ေပႃ
2076.jpg,ေယႃႈ
3746.jpg,ႁၢဝ်ႈ
610.jpg,ယဝ်ႊ
3764.jpg,ၵၢပ်ႈ
2631.jpg,ပူဝ်း
271.jpg,တဵင်
3165.jpg,ဝၢဝ်ႇ
245.jpg,သင်ႈ
1743.jpg,သႃႊ
2115.jpg,ၵူၺ်ႊ
1031.jpg,ၵိတ်း
2044.jpg,ဢမ်ႇ
2791.jpg,ႁွၺ်း
687.jpg,ႄၼ
1192.jpg,ၵၼ်ႉ
536.jpg,ၶိုၼ်း
7.jpg,လွၼ်
3699.jpg,ယူင်ႊ
3160.jpg,ဢပ်း
3220.jpg,မွတ်ႉ
2638.jpg,လိုင်
1143.jpg,ၵႅပ်ႈ
1855.jpg,ၽၢင်ႊ
2790.jpg,ႁႂ်ႈ
1712.jpg,ၵုၼ်ႇ
3626.jpg,ႁဵမ်ႇ
1180.jpg,ႁၢပ်ႈ
363.jpg,ထႅမ်
3845.jpg,ယတ်း
2209.jpg,ယုမ်း
175.jpg,သွၼ်ႇ
2053.jpg,ၵတ်ႉ
1858.jpg,ၾၢၼ်ႉ
3383.jpg,လိူမ်
2921.jpg,မိုဝ်း
915.jpg,ဢဵမ်း
1424.jpg,မင်
2512.jpg,သဵၼ်း
2893.jpg,ၵွင်း
2950.jpg,တွမ်း
3168.jpg,ႁူၺ်း
3944.jpg,ေဝႃ
1306.jpg,ေၽႃ
3224.jpg,ငၢပ်ႈ
3063.jpg,တွႆး
82.jpg,ၶၢႆႇ
1560.jpg,တဵတ်ႇ
2222.jpg,ၼိၵ်ႈ
1487.jpg,ဢိူင်ႇ
1249.jpg,သိူဝ်ႇ
1403.jpg,ပင်ႈ
3782.jpg,ႁႅမ်း
3367.jpg,လႃႈ
176.jpg,ၽိင်ႈ
3999.jpg,ၵမ်
1579.jpg,ၶၢဝ်ႉ
3440.jpg,ၽၢဝ်ႉ
3674.jpg,ေၶႉ
3836.jpg,ထၢၵ်ႇ
1884.jpg,လိုပ်ႈ
3490.jpg,ၵဝ်ႊ
1330.jpg,ၸိူမ်ႇ
896.jpg,ၵႂႆႈ
1045.jpg,ၸိင်ႈ
1689.jpg,ၵူဝ်ႉ
622.jpg,ေၸး
3204.jpg,ဝူၵ်ႇ
3987.jpg,မွၼ်ႈ
1650.jpg,ၵႆႊ
1348.jpg,ႁႅတ်ႉ
733.jpg,ဢႅတ်း
1653.jpg,ယၢမ်ႇ
1711.jpg,ၶဵဝ်
2530.jpg,ဢူမ်ႊ
2131.jpg,သွၼ်ႈ
2527.jpg,ၵူၼ်
741.jpg,ၵိင်း
2148.jpg,ယွမ်ႉ
1098.jpg,မူၺ်
1613.jpg,ငူမ်ႈ
1851.jpg,ပၼ်ႇ
366.jpg,ၸၢင်
1528.jpg,ၸဵဝ်း
13.jpg,လႅၼ်ႇ
2040.jpg,ငႅၵ်း
2068.jpg,ဝူႈ
330.jpg,လႅၼ်း
598.jpg,ယႅဝ်
1489.jpg,ဢၢဝ်ႈ
2904.jpg,ပတ်း
3317.jpg,ပုတ်း
3197.jpg,သၢၼ်ႈ
2882.jpg,သင်ႈ
3826.jpg,ၸွပ်ႊ
344.jpg,ထွႆႇ
3713.jpg,ငိၵ်း
3203.jpg,သႅဝ်ႇ
750.jpg,ဝၢၼ်ႇ
1000.jpg,ဝွင်း
3410.jpg,ငႆႈ
3965.jpg,သွင်
1115.jpg,မၢမ်ႇ
1015.jpg,သႅၼ်ႉ
3470.jpg,ၵႃႊ
4051.jpg,ဢိုၼ်
467.jpg,ပွင်း
1628.jpg,ၶၢပ်ႇ
2100.jpg,ယူတ်း
177.jpg,လွႆး
3468.jpg,မုၼ်ႉ
3613.jpg,ထၢင်
3971.jpg,ၸိုပ်ႉ
2607.jpg,မုၵ်ႊ
3275.jpg,ႁိပ်ႈ
439.jpg,မိၼ်ႇ
1261.jpg,ပိုတ်း
256.jpg,တူင်
965.jpg,ယိုဝ်ႉ
3538.jpg,ၽူႈ
155.jpg,တၢမ်
444.jpg,ဢႆး@i4
1957.jpg,ထႅင်ႉ
990.jpg,တၢမ်း
3610.jpg,ၸုင်း
1572.jpg,ၸူဝ်ႈ
1935.jpg,ငူဝ်ႇ
1288.jpg,တွၼ်
732.jpg,လဝ်ႉ
1370.jpg,မိူမ်ႈ
1654.jpg,ၵႂ်ႈ
758.jpg,ၶူင်
250.jpg,ယၢဝ်ႈ
1425.jpg,လႅတ်ႇ
1307.jpg,ၵူဝ်ႉ
3115.jpg,လုပ်ႇ
602.jpg,ေဝႃႉ
3844.jpg,ႁိူၵ်း
1457.jpg,ၽိုၼ်း
206.jpg,ငၢဝ်ႉ
3697.jpg,လွမ်ႈ
1119.jpg,ၺၢၼ်ႇ
747.jpg,ယဝ်
1739.jpg,ၽႂ်
2799.jpg,ထူမ်ႇ
1165.jpg,ၽိဝ်ႉ
1779.jpg,ထႆ
2102.jpg,လူမ်
2848.jpg,ၸႅဝ်ႊ
3294.jpg,ၵိုမ်
3873.jpg,လွမ်ႉ
1376.jpg,လိုတ်း
1657.jpg,ၵိုဝ်ႉ
77.jpg,တုတ်ႇ
1808.jpg,ပူင်
225.jpg,ပၵ်း
695.jpg,ၸႂႃ
2525.jpg,တူင်
1608.jpg,ၵိူဝ်း
3278.jpg,ၵူၺ်ႇ
2796.jpg,ေထႈ
3595.jpg,ၼၢႆ
3242.jpg,ၸႅပ်ႉ
2382.jpg,ဢိူမ်
638.jpg,ၵဝ်ႊ
2396.jpg,မၢၵ်ႈ
571.jpg,ၼီႇ
2419.jpg,ယွတ်း
295.jpg,ၽွတ်ႉ
1153.jpg,ယၢင်
3161.jpg,ၶိူင်
941.jpg,တူၺ်ႊ
331.jpg,ဢုပ်ႇ
663.jpg,ၵူၺ်ႊ
1018.jpg,ၶၢၵ်း
4073.jpg,မွင်ႉ
3831.jpg,မူပ်း
3430.jpg,ၵႆႇ
3401.jpg,တုမ်း
443.jpg,ပိုင်ႇ
677.jpg,လိူၼ်ႈ
3765.jpg,ေထႃႈ
3853.jpg,ၶူၺ်ႇ
2570.jpg,ႁိုင်
1985.jpg,ဝႅတ်ႉ
578.jpg,ၾၼ်း
1865.jpg,ႁုၵ်း
3065.jpg,ၶိူင်ႊ
3854.jpg,ပူတ်း
920.jpg,ၸိုတ်ႉ
1895.jpg,ဝွၵ်ႈ
2648.jpg,ယူၵ်ႉ
994.jpg,သိုမ်ႇ
3883.jpg,ပွၼ်
1879.jpg,ႁိူဝ်ႈ
17.jpg,တၢဝ်
1214.jpg,ၶႂၢၼ်ႇ
100.jpg,မၢပ်ႊ
269.jpg,ၸႅၵ်ႈ
2127.jpg,ဢွႆ
4065.jpg,ယူင်း
4007.jpg,ႁိုၼ်
742.jpg,ေဢႃး
2934.jpg,ၼိုတ်ႈ
636.jpg,တၢၵ်ႇ
3118.jpg,ငူဝ်ႉ
3631.jpg,ပၢၼ်း
3400.jpg,ႄႁး
167.jpg,တႅမ်ႊ
3241.jpg,ယူတ်ႉ
654.jpg,ဢတ်း
3047.jpg,ၼမ်ႈ
434.jpg,ယၢပ်ႇ
3223.jpg,ပဵၼ်ႉ
3359.jpg,ၽွမ်
1928.jpg,ၸွတ်ႈ
2715.jpg,ၵုၼ်း
1365.jpg,ပီႈ
3096.jpg,သဵၼ်ႈ
850.jpg,လူၵ်ႇ
3412.jpg,သွတ်ႇ
552.jpg,တုမ်ႇ
3730.jpg,ယႂ်ႉ
3665.jpg,ဝၢၼ်း
277.jpg,သူႉ
3037.jpg,ငမ်ႇ
3186.jpg,ၸၢၵ်ႇ
1230.jpg,ၸွပ်း
2388.jpg,ပႅဝ်ႈ
766.jpg,တမ်ႇ
2126.jpg,ပႅၵ်ႇ
420.jpg,ဢိတ်း
2923.jpg,ၶိူၵ်ႈ
207.jpg,ပူၺ်ႊ
2528.jpg,ၵႅၼ်ႇ
2954.jpg,တူၵ်ႉ
600.jpg,မုၵ်ႊ
1582.jpg,တိပ်ႇ
1847.jpg,ၼႃ
1747.jpg,လဵင်ႈ
2558.jpg,သီး
2637.jpg,ၵဵဝ်ႈ
2989.jpg,ၵၢၵ်ႈ
2328.jpg,လႅၼ်
3636.jpg,ၶိင်
3961.jpg,လုၵ်ႉ
1763.jpg,ငၢဝ်
2998.jpg,ၸိုမ်ႉ
3648.jpg,ဢိူတ်း
80.jpg,တႅၼ်း
1379.jpg,မႆႉ
3574.jpg,တႅၵ်ႉ
463.jpg,ဢုၺ်ႇ
2492.jpg,လၢပ်ႇ
3864.jpg,ငၢမ်ႇ
3075.jpg,ပဝ်ႈ
1185.jpg,ၸိုင်း
1869.jpg,ၸၢႆႈ
1550.jpg,သိုင်ႉ
2450.jpg,တႅဝ်း
2751.jpg,ဝႅၵ်ႉ
1199.jpg,ဢိူင်း
202.jpg,ႁုပ်ႇ
1122.jpg,တိုဝ်း
1138.jpg,မူၼ်ႇ
782.jpg,ၵပ်း
3766.jpg,ၶႃ
3019.jpg,သၢၼ်ႉ
2177.jpg,ဝိပ်ႇ
2555.jpg,ၼူၼ်း
833.jpg,ၵႅပ်ႊ
2231.jpg,လၼ်ႇ
1308.jpg,ႁုပ်ႈ
2406.jpg,ယိုဝ်ႉ
2513.jpg,ၶုၵ်ႈ
1084.jpg,သွင်ႉ
189.jpg,သူပ်း
3315.jpg,တုမ်ႉ
1520.jpg,ၶိုဝ်ႉ
1281.jpg,ပိတ်း
4078.jpg,ႁၢဝ်
4038.jpg,ၸွင်ႈ
3666.jpg,တွတ်ႈ
932.jpg,ႁႃ
2737.jpg,မူတ်း
1943.jpg,ၽၢၼ်း
3707.jpg,လုမ်း
1312.jpg,ၶီႇ
818.jpg,သိုင်း
4054.jpg,ႁူဝ်ႇ
3025.jpg,ၵႅဝ်ႈ
3687.jpg,ၶူပ်ႉ
2719.jpg,ၶႂၢၼ်ႇ
579.jpg,ၵိၼ်ႉ
630.jpg,ႄထႉ
469.jpg,ထိဝ်
1810.jpg,ၵႃ
2022.jpg,ဢိူၺ်း
3926.jpg,ႁဵတ်ႇ
870.jpg,တၢတ်း
740.jpg,ၶုၺ်ႈ
2958.jpg,လွၵ်ႈ
2522.jpg,ၾႆ
1256.jpg,ထႂ်
2426.jpg,ထုၵ်ႇ
887.jpg,ၵတ်ႉ
28.jpg,ပၢႆႇ
2812.jpg,ၶိတ်ႈ
300.jpg,ၵိၼ်ႇ
1521.jpg,လၢင်ႉ
3536.jpg,ပၢပ်ႇ
1254.jpg,ႁူၺ်ႉ
3133.jpg,ၶင်ႊ
3858.jpg,ငဵဝ်ႉ
1151.jpg,ဢွႆႇ
2225.jpg,ၶူမ်း
3179.jpg,ဢႅၼ်
115.jpg,ၵႂ်ႈ
1361.jpg,ထိူင်း
2701.jpg,ဝွမ်း
2661.jpg,ယဵၵ်ႉ
3562.jpg,ၵႅမ်း
2881.jpg,တဝ်ႊ
2132.jpg,ၸူ
791.jpg,ႄႁ
1617.jpg,ဢႆး@i4
3684.jpg,ႁဵၵ်း
2275.jpg,ယိုတ်း
1166.jpg,ၵွႆး
1105.jpg,ထၢဝ်ႇ
969.jpg,ၵၢႆႊ
3046.jpg,ၼီး
2686.jpg,တိူဝ်
1164.jpg,မုပ်း
2684.jpg,ေၽႃႇ
799.jpg,ႁႅင်ႉ
275.jpg,လွၼ်ႈ
2343.jpg,ၶႅမ်
3473.jpg,သူၺ်ႉ
3166.jpg,လႅင်း
93.jpg,သိုမ်ႇ
3752.jpg,မဝ်ႊ
1421.jpg,လုၼ်
1621.jpg,ဝူင်ႈ
2453.jpg,မဵင်
1991.jpg,ယူၼ်း
4031.jpg,ႁႅၼ်ႇ
1093.jpg,ပီႊ
4009.jpg,ၼဵၼ်
930.jpg,ၶုၼ်
534.jpg,တုၺ်း
3627.jpg,ပိၼ်ႇ
1032.jpg,သၢတ်ႇ
1868.jpg,ငူၼ်ႉ
427.jpg,ၵမ်
735.jpg,ပျႃႇ
3251.jpg,တုၺ်း
3327.jpg,ဢိင်ႈ
3371.jpg,ၽုတ်ႇ
1056.jpg,ယူတ်ႈ
2149.jpg,မႅပ်း
2517.jpg,ၽူတ်ႉ
3923.jpg,မႅင်ႇ
379.jpg,တိုင်ႉ
2501.jpg,ဢဵမ်း
683.jpg,ၵွၼ်ႇ
609.jpg,ၵပ်း
2804.jpg,ၵၢပ်း
2297.jpg,ၶိၵ်ႈ
2741.jpg,မၢင်ႉ
1013.jpg,ပၢႆႊ
4021.jpg,ယၢၵ်ႊ
3295.jpg,ၵိုၵ်း
3398.jpg,ယိူၼ်း
1828.jpg,ႁွၼ်ႈ
199.jpg,ႁဵမ်း
2965.jpg,ေဢႃႈ
20.jpg,ၽႃး
1898.jpg,ဝွၵ်ႇ
101.jpg,ႁူၺ်ႇ
1680.jpg,ယွႆ
315.jpg,ၾၢၼ်ႉ
3411.jpg,ၵၢဝ်ႈ
2592.jpg,ေဝး
635.jpg,မတ်း
527.jpg,ၵွပ်း
3963.jpg,မွပ်ႈ
2825.jpg,လီႈ
152.jpg,ဝၢၵ်ႈ
3751.jpg,ယူင်ႉ
1505.jpg,ၼိင်ႈ
138.jpg,ငွပ်ႈ
3064.jpg,ေၶ
2136.jpg,ဢႅမ်ႈ
1023.jpg,ၸင်ႈ
134.jpg,ယိုဝ်ႊ
1078.jpg,ေၸႉ
1483.jpg,တဵင်ႈ
1188.jpg,လိပ်း
1607.jpg,ၸိုတ်ႇ
1116.jpg,သုတ်ႈ
2946.jpg,တုပ်း
582.jpg,ႁမ်ႉ
3482.jpg,ႄလ
3188.jpg,လိူၼ်ႊ
3703.jpg,ၼူင်ႇ
2168.jpg,ပူၺ်း
1723.jpg,လုတ်ႈ
4028.jpg,ၶိုတ်း
3639.jpg,ၵႆ
2353.jpg,ၶႆႊ
65.jpg,ယၢဝ်ႈ
2203.jpg,ၶၢင်
1223.jpg,ႄမႇ
1981.jpg,ၵၢပ်ႈ
1301.jpg,ဝူး
3929.jpg,ငပ်ႉ
68.jpg,ၵုၵ်ႉ
395.jpg,ဢူမ်
880.jpg,လူဝ်
975.jpg,သွင်ႉ
2038.jpg,ပၢႆႉ
728.jpg,ထူ
1159.jpg,လိဝ်း
246.jpg,ဢိူတ်း
2150.jpg,တုမ်
2465.jpg,ၸိတ်ႉ
2301.jpg,ငႃႈ
3976.jpg,ဢဵၼ်ႉ
438.jpg,သိဝ်း
2978.jpg,လၢင်
2556.jpg,မၢင်ႈ
2326.jpg,တတ်း
3185.jpg,ၶမ်ႉ
2914.jpg,သူပ်း
3287.jpg,ယွမ်
35.jpg,ထၢင်ႊ
1611.jpg,လွင်း
2418.jpg,ဢိူင်ႈ
3283.jpg,ထူင်
2805.jpg,ႁႅပ်း
962.jpg,လၢၼ်ႉ
1996.jpg,ႁွင်း
2482.jpg,တႂၢၵ်ႈ
263.jpg,တုမ်ႈ
1195.jpg,ၽွင်
1708.jpg,ၵူႇ
2357.jpg,ၽွၵ်း
2959.jpg,ၸၢႆႈ
1540.jpg,လုၼ်
178.jpg,ၶႅဝ်ႉ
3771.jpg,ၶဵင်
2244.jpg,ၾၼ်ႈ
386.jpg,ႄၶႈ
1127.jpg,ၵႅင်ႉ
3301.jpg,လူဝ်
1004.jpg,ၶႅၼ်ႇ
367.jpg,မိုဝ်ႈ
3586.jpg,လဵၵ်ႉ
2050.jpg,ပိင်ႊ
1169.jpg,ထဵၵ်း
811.jpg,ႁၢတ်ႇ
3108.jpg,ၼုၼ်ႊ
656.jpg,မိုၼ်ႇ
956.jpg,ဢူၺ်
1649.jpg,ဝႅင်ႉ
3428.jpg,မွင်
973.jpg,ႁိုၼ်ႈ
1475.jpg,ႁိုၼ်ႇ
3501.jpg,လႅၵ်ႈ
3001.jpg,ၽၢပ်ႊ
515.jpg,ၶူၼ်ႈ
877.jpg,ေၸႃႉ
3417.jpg,တိၼ်ႇ
353.jpg,သွင်ႈ
3925.jpg,တိင်ႉ
2562.jpg,မွၼ်ႊ
2778.jpg,ပုၵ်ႈ
1038.jpg,ရွတ်ႈ
1844.jpg,ထႃး
2165.jpg,ပိူင်ႇ
874.jpg,ဢဵၼ်
2792.jpg,တပ်ႉ
710.jpg,ႁၢတ်ႈ
1179.jpg,ၽဵဝ်ႈ
2944.jpg,ၵျႃႇ
806.jpg,ၸိုၵ်ႉ
1821.jpg,ၸၢဝ်း
2679.jpg,ေသႇ
825.jpg,ငၢႆး
2962.jpg,မဵတ်ႉ
3645.jpg,ပိူမ်ႉ
1776.jpg,ၼွႆး
544.jpg,လူဝ်ႇ
2421.jpg,သိဝ်
409.jpg,ၼွၵ်း
2027.jpg,ေသႃႉ
726.jpg,ပၢၼ်ႊ
2782.jpg,ၸိုမ်ႉ
1942.jpg,ပၢၵ်ႈ
2853.jpg,ယွမ်း
2198.jpg,တူ
645.jpg,လဵၵ်း
3378.jpg,ေယႃႈ
786.jpg,တွၵ်ႈ
1479.jpg,ၸိင်ႉ
1317.jpg,ဝိူတ်ႇ
1890.jpg,မွၼ်း
3214.jpg,ယၢတ်ႇ
890.jpg,ၸွၵ်း
2192.jpg,ထိမ်ႇ
3982.jpg,ႁၢၼ်ႈ
847.jpg,တင်ႈ
3572.jpg,တိဝ်ႉ
3135.jpg,ဢိူၵ်ႇ
2194.jpg,သႅၵ်ႇ
4055.jpg,တဵင်ႇ
3759.jpg,ဢၼ်ႊ
117.jpg,ၸမ်ႇ
1102.jpg,ဢိၵ်ႇ
2014.jpg,သိူၼ်
3580.jpg,ႁိူမ်ႈ
3321.jpg,လိမ်း
3632.jpg,မူၵ်ႇ
3604.jpg,ယုမ်
2258.jpg,ၶႂၢမ်း
1124.jpg,သွၵ်ႉ
3539.jpg,ၵၢၼ်ႊ
2454.jpg,ငႅပ်ႉ
3978.jpg,ႁႂ်း
3817.jpg,ႁဵပ်း
3777.jpg,မူဝ်း
3547.jpg,ႄၶႈ
3783.jpg,တႂႃႇ
2949.jpg,သၢဝ်း
1948.jpg,တူင်း
2581.jpg,ၵဵင်း
317.jpg,ၸၼ်ႉ
736.jpg,သုပ်း
429.jpg,ၶုၵ်း
2181.jpg,တၢႆႇ
3855.jpg,ၶႅၵ်ႉ
2983.jpg,ဢမ်း
1902.jpg,ေဢႃႇ
1631.jpg,သၢၼ်ႉ
946.jpg,သႅင်း
1025.jpg,ဢႅတ်း
1121.jpg,ဝီႊ
1181.jpg,ႄဢႇ
3943.jpg,ဢွႆႉ
2854.jpg,ငမ်
632.jpg,ႁွၼ်ႈ
2147.jpg,ႄပႈ
3762.jpg,ပိူင်း
139.jpg,မဵင်း
1139.jpg,ေၶႉ
546.jpg,ႁိူမ်ႈ
342.jpg,ဢုၼ်ႉ
1748.jpg,ၸၢင်ႈ
1548.jpg,ၶႂၢင်း
3337.jpg,ပိင်ႈ
1232.jpg,ၶိူဝ်း
1426.jpg,ဢိူၼ်
1170.jpg,တိုပ်ႇ
66.jpg,ၸႂႃ
3028.jpg,ပွင်ႇ
1154.jpg,ၶူဝ်း
960.jpg,ဢၢင်း
1036.jpg,ဢႅင်ႈ
2660.jpg,ၼူပ်ႈ
3196.jpg,ထႂၢၵ်ႈ
2879.jpg,လွၼ်ႉ
1630.jpg,ၸႅၵ်ႈ
2116.jpg,ၼူႉ
1733.jpg,ၵၼ်း
1095.jpg,ထၢၼ်ႇ
1435.jpg,မၢတ်ႇ
1705.jpg,ၶွတ်း
1659.jpg,ဢၢတ်ႈ
3443.jpg,ပူၺ်ႊ
2431.jpg,သူပ်ႉ
852.jpg,လိူမ်ႇ
3680.jpg,ၼီ
208.jpg,ယိုဝ်ႉ
1637.jpg,သူၵ်ႇ
3451.jpg,မိူင်း
2504.jpg,ႁွမ်း
1362.jpg,လိုင်ႈ
4037.jpg,လိူမ်ႇ
3948.jpg,ဝူင်ႉ
3558.jpg,ၽွမ်
3320.jpg,ၽီႇ
3238.jpg,ၽမ်ႈ
4045.jpg,ေယႉ
1852.jpg,ေၸႇ
415.jpg,ဢိတ်ႇ
388.jpg,ငၢင်
2139.jpg,ဝွတ်ႇ
703.jpg,ၸဵင်ႇ
1427.jpg,ၼိုတ်ႈ
1812.jpg,သႅင်း
3239.jpg,မၢၼ်ႇ
2286.jpg,တမ်ႇ
2266.jpg,ၶမ်ႈ
3885.jpg,မႅမ်ႉ
3508.jpg,ၶၢၵ်ႈ
3781.jpg,ၶိုင်ႈ
3838.jpg,သိဝ်း
3477.jpg,ႁၢမ်ႈ
2373.jpg,ယိုင်း
2654.jpg,မၢင်း
223.jpg,လွၺ်ႇ
2869.jpg,မုၼ်း
2329.jpg,ေယႊ
2868.jpg,ပွင်ႈ
3600.jpg,တွင်ႈ
3545.jpg,ၶူင်ႉ
1499.jpg,လႅင်ႈ
639.jpg,ၸူပ်း
3496.jpg,ႁွၼ်း
1.jpg,ငုမ်ႉ
2183.jpg,တူၺ်ႊ
371.jpg,ယုပ်း
1459.jpg,ငႅၵ်ႈ
1591.jpg,ၸိုတ်ႈ
2615.jpg,ၸိုၼ်ႊ
3341.jpg,ဝွၼ်
881.jpg,ၵႅင်ႇ
865.jpg,ၽႃႇ
2330.jpg,ဢွၼ်း
2240.jpg,သႅၼ်ႉ
1385.jpg,ဝူင်ႉ
218.jpg,ၽီႉ
2813.jpg,ၽူႉ
764.jpg,သၢဝ်ႈ
2283.jpg,လၢပ်ႇ
3847.jpg,ထႅဝ်ႉ
3215.jpg,မွၼ်ႈ
1245.jpg,မုၼ်ႈ
919.jpg,တိုပ်ႈ
1408.jpg,ဝူင်ႈ
869.jpg,မိုၼ်း
1030.jpg,ၽၢၼ်ႊ
1754.jpg,ငုတ်း
3175.jpg,ၸွပ်ႊ
2798.jpg,ၶႅၵ်ႇ
53.jpg,ၸဝ်ႉ
891.jpg,ဝႅတ်ႉ
2380.jpg,ဢိူၺ်း
1219.jpg,ၵိၼ်
4027.jpg,ဢပ်း
3907.jpg,သပ်ႉ
967.jpg,ၽွင်
4089.jpg,ႁဝ်း
916.jpg,ၵႅတ်ႉ
2639.jpg,ေလႇ
816.jpg,ၽူၺ်း
3113.jpg,ၸီႈ
1939.jpg,ဢူး
3404.jpg,ယူၼ်း
1514.jpg,ဝူပ်ႇ
2385.jpg,လွၼ်
2264.jpg,ၶႂၢတ်ႇ
796.jpg,ၽႅင်ႇ
3397.jpg,ၵၢင်ႊ
2731.jpg,တႂ်
3809.jpg,ဢိုၵ်း
1675.jpg,ၸႅတ်ႇ
1720.jpg,ၾၼ်
2069.jpg,မွပ်ႇ
1715.jpg,ႁိူၺ်
3750.jpg,လၢမ်ႊ
3591.jpg,ထဵၼ်
3471.jpg,ဝႅင်ႉ
3237.jpg,သွႆႈ
694.jpg,ငိုၼ်း
1803.jpg,ဢိူတ်ႇ
2786.jpg,ႁိူၵ်း
1211.jpg,ၼၢၼ်း
1298.jpg,ၸုမ်ႇ
89.jpg,တုင်ႇ
1359.jpg,ၼွႆး
2655.jpg,ယီး
480.jpg,ထၼ်
861.jpg,ၸၢမ်ႉ
1566.jpg,လိင်ႉ
1632.jpg,သႆး
3624.jpg,ယုၺ်း
1595.jpg,မၢႆး
2503.jpg,ၵႂၢႆႉ
422.jpg,လႆႈ
2015.jpg,လူဝ်ႉ
33.jpg,မႃႈ
3348.jpg,ဝဝ်
2344.jpg,သႆႇ
1135.jpg,မင်ႊ
2925.jpg,မိုတ်း
3897.jpg,သွင်ႇ
1133.jpg,သၢမ်
3793.jpg,ပိၵ်း
1702.jpg,ၵွင်
1738.jpg,ဢိုၼ်ႊ
3700.jpg,ႁိုဝ်ႈ
2170.jpg,ပႅတ်ႈ
2213.jpg,ေၸႃး
633.jpg,ၸဵၼ်ႊ
3147.jpg,ၽိဝ်ႇ
2340.jpg,ၼမ်
3463.jpg,တူၼ်း
1404.jpg,သၢမ်ႊ
3552.jpg,မွင်း
2118.jpg,ႁိၵ်ႈ
936.jpg,သႅင်ႉ
3646.jpg,ဝႆ
413.jpg,ၵူဝ်ႉ
351.jpg,ၸၵ်ႉ
785.jpg,လူတ်ႇ
2197.jpg,ၺိုၵ်ႉ
1742.jpg,ဢုင်ႊ
918.jpg,ၶုၼ်ႇ
2261.jpg,ယူၺ်း
1882.jpg,ပပ်ႉ
1343.jpg,ဝူဝ်း
146.jpg,ၶုၼ်ႉ
1793.jpg,ၵူမ်ႈ
3688.jpg,ၶႂ်ႊ
1020.jpg,သႆး
2134.jpg,ထွၵ်ႈ
2055.jpg,ၶႂၢၼ်ႇ
240.jpg,သူၵ်ႇ
1260.jpg,ၵႂၢၵ်ႈ
1725.jpg,ေၵႃး
1226.jpg,တိုပ်ႈ
1777.jpg,ေလး
73.jpg,ဢႅတ်ႉ
1313.jpg,ဢူတ်း
2979.jpg,ဢွၼ်ႇ
2342.jpg,ပိၼ်း
3298.jpg,ႄဢး
2233.jpg,ငႅၵ်ႈ
561.jpg,ထုၺ်
2575.jpg,သၢၼ်း
2971.jpg,ေၼး
2862.jpg,ၶႂ်ႇ
3724.jpg,ၸိူင်ႉ
4001.jpg,ဢၢႆ
2016.jpg,ယိၼ်ႉ
3143.jpg,လႅဝ်
143.jpg,လိုၼ်ႉ
1272.jpg,တူၺ်ႊ
2072.jpg,တိပ်ႇ
393.jpg,ၶၢင်
4052.jpg,ၽႅဝ်ႉ
2166.jpg,လွၵ်ႇ
908.jpg,ပိၵ်း
1399.jpg,ၽုၺ်ႇ
2571.jpg,ၽုၵ်ႉ
959.jpg,ၼူမ်ႊ
2992.jpg,ၼႅၼ်ႈ
3184.jpg,ၵိတ်း
1681.jpg,ေတႃႉ
2700.jpg,ယၢၼ်ႇ
2999.jpg,ပင်း
2239.jpg,ၼင်ႇ
447.jpg,ၵႆႇ
2619.jpg,ႁူဝ်ႇ
1923.jpg,လွၵ်ႉ
1918.jpg,တမ်ႊ
376.jpg,ႁိူၼ်း
2545.jpg,ၵၢဝ်း
1880.jpg,ၽၢၼ်ႈ
3262.jpg,သွၼ်း
3660.jpg,တႅပ်ႈ
1279.jpg,ပူတ်း
1417.jpg,တုၺ်ႈ
1954.jpg,ပႅၵ်ႈ
4039.jpg,ထႅင်ႈ
1323.jpg,တိူဝ်ႊ
3589.jpg,ေႁႉ
2096.jpg,ၶႅမ်း
3638.jpg,တမ်ႉ
2447.jpg,ႁႃႈ
1834.jpg,ၸိုင်း
3708.jpg,ၶုၼ်ႈ
2755.jpg,တုင်
2815.jpg,သုတ်ႇ
3334.jpg,ၽူႈ
3587.jpg,တူၼ်ႉ
1406.jpg,ၸိူမ်ႊ
2395.jpg,ၸမ်ႊ
606.jpg,ေၵႈ
3155.jpg,ၼင်း
1734.jpg,ပိုၵ်ႉ
1530.jpg,ယိပ်ႉ
3207.jpg,ၼိုၵ်း
2960.jpg,ၶိတ်ႇ
2687.jpg,ႄမႇ
3728.jpg,မိၼ်ႇ
1642.jpg,ငီႉ
2133.jpg,ႁူမ်ႇ
575.jpg,လိူပ်း
1515.jpg,ဝၢၵ်ႈ
121.jpg,ပဝ်ႊ
3723.jpg,ၸၢင်း
2033.jpg,ၸွတ်ႈ
2174.jpg,ဢွၼ်ႈ
3911.jpg,တိူၵ်ႇ
2937.jpg,ငႅင်း
2705.jpg,ၽိဝ်ႉ
42.jpg,တုၼ်ႇ
4019.jpg,သူင်ႇ
2352.jpg,ၼမ်ႉ
682.jpg,ၸူမ်
3835.jpg,ၸွပ်း
4050.jpg,ႁွႆႉ
3877.jpg,ထိုင်ႈ
1289.jpg,ၶဵတ်ႈ
853.jpg,သိၵ်း
2977.jpg,ယွမ်ႈ
593.jpg,သမ်း
1677.jpg,ငူၺ်ႈ
2873.jpg,ၽဵဝ်ႈ
1525.jpg,ငၢၼ်း
1911.jpg,ႁူမ်
3736.jpg,ယဵတ်ႇ
1962.jpg,ၵူဝ်
553.jpg,တမ်ႇ
2739.jpg,မၢၼ်ႇ
2414.jpg,ပႃႇ
3825.jpg,ၽႅၼ်း
2208.jpg,ႁၢမ်ႇ
1409.jpg,ၵွမ်း
297.jpg,ဢုမ်ႈ
864.jpg,လုၵ်ႈ
2172.jpg,ၵုၵ်း
3127.jpg,ႁိူဝ်
3441.jpg,ႄတႇ
3641.jpg,ၽွင်း
2271.jpg,ဝၢင်ႊ
2346.jpg,ၽဵဝ်း
2780.jpg,ထူၵ်ႉ
2617.jpg,ငုမ်း
2669.jpg,လၢမ်ႊ
454.jpg,ငဝ်ႈ
3088.jpg,တုင်ႈ
1366.jpg,သႅတ်ႈ
789.jpg,ေပး
1390.jpg,ငုၼ်း
1231.jpg,တြႃး
3082.jpg,ယႆး
581.jpg,ၼူၵ်ႇ
1626.jpg,ႁိုင်ႈ
1315.jpg,ႁွမ်ႈ
3706.jpg,တမ်
1580.jpg,ငိူၼ်ႇ
1545.jpg,ႄၸႈ
2476.jpg,ၽွၺ်း
2405.jpg,ေသႃႉ
616.jpg,ၽိုၼ်း
1695.jpg,ထူမ်
3370.jpg,လႆ
2125.jpg,ၶူင်ႉ
1397.jpg,ယၢၵ်ႊ
1236.jpg,ၽၼ်း
1283.jpg,တင်း
1428.jpg,ၼႂ်
2945.jpg,ယဵတ်ႇ
2756.jpg,တိုၵ်ႉ
666.jpg,ပိင်ႊ
1936.jpg,ၵိၼ်ႇ
629.jpg,တူၼ်ႇ
950.jpg,ၵမ်ႉ
3654.jpg,ၸိုၼ်း
3310.jpg,ယုၵ်း
2609.jpg,သၢမ်
1445.jpg,ၾုၵ်ႉ
3449.jpg,ႁွႆႈ
843.jpg,ၶုတ်း
1369.jpg,ႁင်
2321.jpg,ထူဝ်ႉ
2448.jpg,တႅတ်း
2520.jpg,ငိူမ်း
3830.jpg,ယူၵ်ႉ
3515.jpg,ၵႅဝ်
332.jpg,ၸၢဝ်း
1770.jpg,တိုၼ်ႇ
1349.jpg,ႄငႈ
272.jpg,ၼႂ်း
2500.jpg,ႄၸႉ
3934.jpg,ဝိုဝ်ႈ
1266.jpg,တူ
1929.jpg,သမ်
3905.jpg,ပဵၼ်
2402.jpg,ႁၢတ်ႊ
3696.jpg,တဵၼ်း
2590.jpg,ၸူၵ်ႇ
2623.jpg,လိူမ်း
3134.jpg,လိူမ်ႊ
407.jpg,ငိူၼ်ႇ
3053.jpg,ႁႅဝ်
2347.jpg,လွၺ်ႊ
4064.jpg,ငၢၼ်း
3937.jpg,သူၼ်
840.jpg,ၸဵၵ်ႇ
1959.jpg,ဢိုင်
3361.jpg,ၵုင်
2601.jpg,လၢၵ်ႇ
1463.jpg,ၶဵၼ်ႇ
2128.jpg,ဝႅတ်ႉ
253.jpg,ထူမ်ႈ
3916.jpg,ထင်ႇ
2559.jpg,ၼႃ
1097.jpg,တိုၼ်း
22.jpg,လၵ်ႈ
2991.jpg,ၽိုတ်း
2219.jpg,ယဵဝ်ႈ
2665.jpg,ႄဢႉ
1326.jpg,ၵၢၵ်ႈ
173.jpg,ႁိူမ်ႈ
804.jpg,လႃႉ
673.jpg,ၵီ
2303.jpg,ထိုၵ်း
3893.jpg,ႁတ်း
1804.jpg,ၸုၵ်း
3015.jpg,ပိူၼ်ႈ
3273.jpg,ပူၵ်ႇ
3058.jpg,ႁုတ်ႈ
2438.jpg,ၶူဝ်
2474.jpg,လၢၼ်ႉ
744.jpg,သိုဝ်ႈ
32.jpg,ေလႈ
1001.jpg,ဢိုမ်
131.jpg,လူဝ်
2549.jpg,ထူင်ႇ
2929.jpg,ၾၢၵ်ႇ
511.jpg,ၽၢပ်ႊ
3974.jpg,လွင်း
1413.jpg,သၢၵ်ႊ
2481.jpg,ထူၵ်း
1903.jpg,ေဝႃႇ
3375.jpg,ၸဵင်
3264.jpg,လူတ်ႈ
1990.jpg,လွမ်
1771.jpg,ဝွၼ်
364.jpg,မိူင်ႈ
3326.jpg,ၸုမ်ႇ
30.jpg,ၽင်ႉ
62.jpg,ၸဵမ်ႊ
133.jpg,ၵႂ်ႈ
163.jpg,ဢႅမ်ႇ
104.jpg,လိုင်ႈ
751.jpg,သုတ်ႉ
655.jpg,ေယႃႈ
2234.jpg,ႄဝ
3983.jpg,ၶိုင်ႈ
2117.jpg,သဵပ်း
2449.jpg,မုၵ်ႈ
2784.jpg,ဢွၵ်း
1329.jpg,လၢၵ်ႈ
2308.jpg,ဢႅၵ်ႉ
1524.jpg,ဝိူၼ်
2883.jpg,တဵဝ်ႇ
1068.jpg,ၵဝ်း
783.jpg,ၸၢတ်ႈ
1145.jpg,လႅင်း
2843.jpg,မူမ်ႇ
0.jpg,တုမ်း
4049.jpg,ဝုၼ်
604.jpg,ၵုၺ်ႊ
2238.jpg,ၶဵဝ်ႇ
3663.jpg,မႅၵ်ႉ
3023.jpg,ၸႅၼ်
802.jpg,ထွႆ
3860.jpg,ႁူ
3870.jpg,ဝႅၵ်ႉ
201.jpg,သတ်ႉ
1802.jpg,တွၼ်ႊ
1644.jpg,လုမ်း
1293.jpg,ႁႅပ်း
910.jpg,တႂ်
109.jpg,မႅဝ်ႇ
2761.jpg,ပူၺ်
3898.jpg,ၼႃႉ
760.jpg,ေလႃႇ
1606.jpg,သူင်ႇ
3247.jpg,တိူၵ်ႇ
2216.jpg,ႁူမ်
365.jpg,ထိူၵ်း
2769.jpg,ဢိုင်ႇ
2243.jpg,ေယႃႈ
872.jpg,ၵီႊ
264.jpg,ၼၢင်
1523.jpg,လိုၵ်း
322.jpg,ယိပ်း
3761.jpg,ဢူတ်ႇ
548.jpg,လိူပ်း
3011.jpg,ယုင်ႈ
4093.jpg,ႁတ်း
1244.jpg,ၽိတ်း
1309.jpg,ႁွမ်ႇ
230.jpg,ထူင်ႇ
2877.jpg,မုမ်ႈ
1639.jpg,မင်ႇ
1805.jpg,ငႅပ်ႉ
238.jpg,ၸွင်
830.jpg,ၾိူဝ်
3003.jpg,ၸဵင်
765.jpg,ထိုင်
1662.jpg,ႁူၺ်ႉ
1692.jpg,ၶပ်ႉ
2371.jpg,ဝိၼ်ႇ
1917.jpg,မပ်ႉ
1854.jpg,တူတ်း
2888.jpg,ၵူၺ်ႊ
3061.jpg,ၽွႆ
3447.jpg,ယႅမ်ႇ
3676.jpg,ၵိပ်ႈ
1755.jpg,မႅဝ်ႇ
1574.jpg,ၸၢမ်ႉ
1110.jpg,လိၼ်ႉ
1054.jpg,မၢဝ်း
399.jpg,သဵင်ႈ
749.jpg,ႁွၺ်ႉ
99.jpg,တႅင်ႇ
1172.jpg,ၶွၵ်ႊ
2048.jpg,သႅမ်း
2494.jpg,တိုင်း
2727.jpg,ႁဵဝ်း
285.jpg,လိုမ်ႉ
213.jpg,ေၸႃႊ
3381.jpg,ၸူၺ်ႉ
2153.jpg,တိုၵ်ႉ
2988.jpg,လူၼ်ႇ
1765.jpg,ပိူင်ႊ
85.jpg,ၶႂၢတ်ႇ
510.jpg,လၢင်ႉ
3698.jpg,ၵူမ်
1800.jpg,မဵတ်း
3543.jpg,ပွင်
3518.jpg,ႁိင်း
2305.jpg,ထႅင်ႉ
97.jpg,ဝူၼ်
95.jpg,ငွင်း
595.jpg,ထုၺ်း
727.jpg,ႁူမ်
2602.jpg,ဢိုင်ႉ
3323.jpg,ဝူင်ႊ
3540.jpg,ၺွပ်း
1587.jpg,မိူဝ်ႊ
1088.jpg,ၼၢၼ်
996.jpg,မႂ်
2694.jpg,ယဝ်ႇ
2683.jpg,တၼ်း
497.jpg,ၸႅၼ်
4096.jpg,ၶႅမ်ႈ
4062.jpg,ၼႅၼ်ႇ
2348.jpg,ယၵ်ႉ
541.jpg,ယိူဝ်း
3488.jpg,ၵုၼ်
1894.jpg,ထုင်ႉ
1517.jpg,ၵင်ႇ
2630.jpg,တူ
2519.jpg,ပူင်ႊ
233.jpg,ၶႅပ်ႉ
543.jpg,ဢၢမ်
1334.jpg,ပိုတ်း
3661.jpg,ႁၢၵ်ႈ
3683.jpg,ဝိုၼ်ႉ
1439.jpg,သွင်း
3231.jpg,ၸူဝ်ႈ
3332.jpg,ဝႃ
391.jpg,တိူၵ်ႇ
542.jpg,ငၢၼ်ႈ
203.jpg,ၶူၺ်ႇ
3742.jpg,ဢၢၵ်ႈ
2310.jpg,ၸွမ်ႈ
3006.jpg,ထႃႇ
44.jpg,ၾိုတ်ႇ
3932.jpg,ငၢင်ႉ
3288.jpg,မူဝ်ႇ
2460.jpg,ဢၢၵ်ႉ
1963.jpg,ယူၵ်ႇ
1842.jpg,ၶၢႆႉ
1762.jpg,ၸွၵ်ႉ
2986.jpg,ၼဝ်း
3799.jpg,ၶုတ်း
1726.jpg,ဢိူင်ႈ
597.jpg,ဢဵင်ႈ
321.jpg,သႆႈ
4063.jpg,ဢူၼ်
1496.jpg,ငမ်း
1158.jpg,ငႅၼ်ႈ
2469.jpg,ငၵ်ႉ
1727.jpg,ၶႂၢၵ်ႈ
3640.jpg,ၸွၵ်ႊ
2445.jpg,ၽူင်
893.jpg,ၽူႊ
1087.jpg,ဝူင်ႊ
927.jpg,ေၵႊ
406.jpg,ၶႂၢတ်ႇ
194.jpg,ထၢႆ
2909.jpg,ၸုပ်ႈ
2886.jpg,ၶႃ
3256.jpg,တူၺ်
2363.jpg,ဢၵ်း
3519.jpg,ၶူင်ႊ
3407.jpg,ၽူတ်ႉ
3416.jpg,မူၼ်း
2577.jpg,ထမ်ႈ
1213.jpg,ၽိုၼ်ႉ
2974.jpg,ၸၢမ်း
2548.jpg,ၼိူင်ႇ
1753.jpg,ထိုတ်ႉ
3930.jpg,ၵၢၼ်
2394.jpg,ထုမ်ႇ
1287.jpg,ပဵင်ႈ
1106.jpg,ငဝ်ႈ
4094.jpg,သူတ်ႇ
3452.jpg,ၾိူဝ်း
3300.jpg,ေယႇ
623.jpg,တူဝ်း
3787.jpg,လွၼ်ႇ
2422.jpg,ၼူ
2589.jpg,ၸဵပ်း
2315.jpg,ႁုၼ်း
3004.jpg,ၸုပ်
1697.jpg,ၶႂ်ႊ
518.jpg,ၵူၺ်း
1352.jpg,လိၵ်ႈ
3329.jpg,ယၢင်ႈ
2801.jpg,ႁိၼ်ႉ
1414.jpg,ေရႇ
1363.jpg,ၼူတ်ႈ
2350.jpg,ဝႅင်ႇ
2532.jpg,ဝိုၼ်
1944.jpg,ဢိူမ်း
2146.jpg,ပိူပ်ႊ
1674.jpg,ရူင်း
2855.jpg,ၸူၺ်ႈ
1541.jpg,ထႅတ်း
1870.jpg,သူဝ်ႉ
754.jpg,ႁူၵ်ႊ
2912.jpg,ၺႅဝ်
3044.jpg,လိုဝ်ႈ
4000.jpg,မီ
2341.jpg,ၵႅဝ်း
135.jpg,ႁႅၼ်
350.jpg,ၵႆႉ
79.jpg,ဢိုၵ်ႉ
3927.jpg,ၼၢၵ်း
821.jpg,ဝုၵ်ႈ
1311.jpg,ယိုင်း
1353.jpg,လူင်ႇ
3389.jpg,တၢၼ်
729.jpg,ဢၼ်ႊ
3881.jpg,ၽတ်ႉ
2723.jpg,ႁွၺ်
3026.jpg,ဝုင်ႇ
25.jpg,ထိူတ်း
255.jpg,ယၢၵ်ႊ
1922.jpg,သွၵ်ႈ
2806.jpg,ဝိူင်း
1282.jpg,ပိင်ႇ
1809.jpg,လၢမ်ႊ
2464.jpg,ဝိတ်း
3609.jpg,ထွၵ်ႈ
2626.jpg,ၵိုမ်
900.jpg,ၽၢၼ်ႊ
4035.jpg,တႅၵ်ႇ
372.jpg,မၢင်ႊ
2779.jpg,လုင်း
1830.jpg,ဢိူတ်ႇ
2491.jpg,ႁုၵ်ႉ
1014.jpg,ႄၽ
1005.jpg,လၢတ်ႈ
3074.jpg,ဢူၼ်း
2098.jpg,ၶဵင်
4016.jpg,ယမ်ႊ
2544.jpg,လူမ်ႊ
650.jpg,သိၵ်ႇ
3104.jpg,ၽၢဝ်ႉ
3529.jpg,ၶဝ်
1760.jpg,လႅၼ်
2296.jpg,ၶုၼ်ႊ
2967.jpg,ၵႅင်ႉ
3701.jpg,သွင်ႉ
2858.jpg,ၶွၼ်ႉ
3629.jpg,ထဝ်ႈ
1740.jpg,တႅပ်း
2120.jpg,ေၸႃႉ
882.jpg,ဝွၼ်း
3964.jpg,ၸၢင်ႉ
1342.jpg,ေႁႇ
3535.jpg,သိၼ်ႉ
75.jpg,လႃး
2814.jpg,ႁိၼ်ႉ
3173.jpg,ယိၼ်း
547.jpg,ပိူင်ႇ
1932.jpg,ၶင်ႊ
1386.jpg,ၶိူင်ႇ
3593.jpg,မူတ်း
3805.jpg,ၽိၼ်ႇ
1679.jpg,ၽုၼ်း
1012.jpg,သဝ်
2521.jpg,ႁုတ်း
2012.jpg,ႁႃႊ
398.jpg,တိုတ်း
570.jpg,ႁွင်
2899.jpg,မုင်ႇ
3842.jpg,တႅင်
1201.jpg,ၵူင်ႇ
1299.jpg,ႁွတ်ႊ
212.jpg,ၽမ်ႈ
3052.jpg,တူၼ်
2789.jpg,ၸွတ်ႇ
2390.jpg,ႄဝႈ
839.jpg,ယိူဝ်း
360.jpg,ႄႁႈ
2269.jpg,ပုမ်း
2202.jpg,ထိုင်ႈ
4057.jpg,တမ်း
849.jpg,လႅၼ်ႇ
3153.jpg,ပႅင်ႇ
1129.jpg,ၵုၼ်ႉ
886.jpg,ဝွတ်း
1825.jpg,ဝႆႊ
675.jpg,ယၢဝ်ႈ
2931.jpg,ငႃ
3226.jpg,သၢဝ်ႈ
2668.jpg,ငၢပ်ႈ
3152.jpg,ဝႃႊ
2292.jpg,ငႃႉ
3141.jpg,သႅဝ်ႇ
2966.jpg,ဢိူင်
520.jpg,ဝဵၵ်ႉ
405.jpg,သၢၵ်ႊ
2584.jpg,ၵႂႆႈ
3691.jpg,ငႅပ်း
274.jpg,သင်ႉ
1367.jpg,ဢဵမ်း
1701.jpg,ၵၢႆး
3084.jpg,ယိူဝ်ႇ
1437.jpg,မၢပ်ႈ
3314.jpg,သွၼ်ႊ
1731.jpg,လႅတ်း
3176.jpg,ၵိၼ်ႊ
848.jpg,ၵူဝ်း
2864.jpg,တိူၵ်း
1495.jpg,ယၵ်ႉ
222.jpg,ေပႇ
2910.jpg,သၢၵ်ႊ
2309.jpg,ၸႅပ်း
3852.jpg,ေၶႇ
1519.jpg,ၽႅင်း
105.jpg,ႄငး
1206.jpg,တိပ်ႇ
583.jpg,တူဝ်း
1382.jpg,ပူႉ
1263.jpg,ၶၢမ်ႇ
3343.jpg,ၸူၺ်ႈ
1113.jpg,ၽတ်ႉ
1728.jpg,သဵပ်ႇ
3306.jpg,ၼုၼ်ႊ
54.jpg,ဝင်း
2567.jpg,သုတ်ႉ
1176.jpg,သူင်
979.jpg,ၶဝ်
618.jpg,ၵိမ်း
2358.jpg,လွႆ
2810.jpg,သိုတ်ႉ
1958.jpg,ၵိုမ်ႈ
2781.jpg,ထိုဝ်
2963.jpg,ၸၢင်ႊ
1622.jpg,မုတ်း
90.jpg,မုၼ်ႈ
3212.jpg,ယဝ်ႇ
834.jpg,ပင်ႇ
197.jpg,ၼီႇ
3281.jpg,မႆႊ
226.jpg,ၽွႆ
3225.jpg,တူင်ႊ
2730.jpg,ဝဵၵ်ႉ
3423.jpg,ယၢမ်း
3413.jpg,သွပ်ႉ
3422.jpg,မူၼ်ႊ
3995.jpg,သိၵ်ႈ
1849.jpg,ၼုၼ်း
3924.jpg,ၶိုၼ်ႇ
346.jpg,ၼၢတ်ႇ
114.jpg,ႁမ်း
2113.jpg,မုၼ်ႊ
3458.jpg,ၸိုင်ႉ
108.jpg,လူၵ်ႇ
1952.jpg,ပႅၵ်ႈ
61.jpg,ထွင်
3244.jpg,ပႅတ်ႇ
1467.jpg,လုၼ်ႇ
863.jpg,ဢၢၵ်ႈ
334.jpg,ေသႃႇ
3662.jpg,ၼင်ႇ
784.jpg,ဝႅပ်ႇ
3340.jpg,သိၵ်ႇ
3457.jpg,လိုပ်ႈ
196.jpg,ၶၢပ်ႈ
586.jpg,မူၼ်ႊ
797.jpg,ၵၢၼ်
1419.jpg,ႁႅၵ်း
1247.jpg,ယတ်း
34.jpg,သိူၼ်
2573.jpg,ဢၢၵ်း
3354.jpg,ႁိူၵ်ႈ
3043.jpg,သဝ်ႇ
2933.jpg,ၵူၼ်ႊ
1965.jpg,ဝၢႆႉ
2947.jpg,ၶႂၢႆး
2180.jpg,ပုၵ်ႇ
3079.jpg,တူၵ်ႇ
724.jpg,ၸိုဝ်ႈ
1190.jpg,ထႅင်ႉ
2425.jpg,မၢပ်ႊ
2818.jpg,ၸုၵ်ႈ
3459.jpg,ၽၵ်း
1816.jpg,ၸိုင်
3731.jpg,ၸၢင်း
1818.jpg,ေတႇ
1063.jpg,ယဝ်ႊ
2110.jpg,မွၵ်ႊ
1148.jpg,ထႆႈ
1144.jpg,သႅဝ်
2041.jpg,လၢပ်ႈ
716.jpg,ဢူမ်ႊ
2095.jpg,ၶႆႉ
3431.jpg,သႂၢင်း
3355.jpg,ယိူမ်ႈ
2429.jpg,တူး
2184.jpg,တိုဝ်
2610.jpg,လွႆ
506.jpg,ပုၼ်ႊ
3772.jpg,ႁၢမ်
1274.jpg,ပႅတ်ႈ
4006.jpg,တဝ်း
2831.jpg,ေထႃး
3250.jpg,ႁႅင်ႈ
3537.jpg,ၸွႆႊ
3950.jpg,ၸိုတ်ႉ
1123.jpg,မူၺ်
1137.jpg,ပွမ်း
2232.jpg,ၵိုမ်
1060.jpg,ၼွပ်ႇ
3031.jpg,ၼမ်ႊ
1250.jpg,သႃႈ
3180.jpg,သမ်ႉ
1516.jpg,ယဵတ်ႈ
2745.jpg,ၽူင်ႉ
2616.jpg,တွပ်ႈ
2046.jpg,ၵဵၼ်း
2767.jpg,ၶျႃး
1744.jpg,ပိတ်ႇ
72.jpg,လႅၼ်
1907.jpg,ၽုၵ်ႇ
2274.jpg,ပုပ်ႉ
2457.jpg,ၵၢပ်ႇ
2488.jpg,ယပ်ႉ
3119.jpg,တူး
2101.jpg,လဝ်း
3623.jpg,တႅၵ်ႉ
425.jpg,ၵုၼ်ႇ
4090.jpg,တမ်
3740.jpg,ေထႃႈ
3299.jpg,တင်ႊ
1184.jpg,ယူၵ်ႇ
81.jpg,ၶၢၵ်ႈ
3303.jpg,ေၸႈ
1859.jpg,ၼွတ်ႈ
2600.jpg,ငိၼ်
174.jpg,ႁပ်း
2024.jpg,ပၢႆႈ
904.jpg,ၶႅမ်ႈ
1736.jpg,တင်း
3200.jpg,ၸိုၵ်း
1716.jpg,ၽုၺ်း
564.jpg,ၸုၵ်း
2760.jpg,ၵႆး
519.jpg,သိုင်ႉ
2009.jpg,ၸဵၼ်း
1972.jpg,လႃ
1609.jpg,ၸိုၼ်ႉ
3296.jpg,မူပ်ႉ
314.jpg,ဝိုၼ်း
3664.jpg,လူဝ်ႈ
3069.jpg,လိတ်ႉ
3122.jpg,ပုင်ႈ
3567.jpg,ထႂၢၵ်ႈ
1980.jpg,လိူဝ်ႊ
3476.jpg,ႄၼႉ
4044.jpg,ၺၢၼ်ႇ
2622.jpg,ၾင်ႈ
3628.jpg,တူၵ်း
3744.jpg,ပိူဝ်ႉ
3656.jpg,ထၢၼ်ႈ
357.jpg,သွတ်ႇ
1878.jpg,ႁွမ်ႈ
1672.jpg,သူၼ်
2376.jpg,ယႅပ်း
410.jpg,ၾၢၵ်ႈ
752.jpg,ပုၵ်း
2284.jpg,သုမ်ႈ
757.jpg,ႁိုမ်း
2178.jpg,ၶူႈ
1470.jpg,ထႅဝ်ႇ
1125.jpg,ၸိုၼ်
1035.jpg,ေယး
1485.jpg,ယုမ်း
2811.jpg,သွတ်း
3039.jpg,ယၢႆႉ
1401.jpg,ေတႃး
2121.jpg,မဝ်ႊ
3191.jpg,ႁွၺ်ႈ
502.jpg,ယိမ်
2826.jpg,ယႆး
1310.jpg,ထိုမ်ႈ
2721.jpg,မွတ်ႉ
1016.jpg,ဢႃႊ
3286.jpg,မဝ်ႈ
948.jpg,လၢႆႇ
2377.jpg,ပူး
1072.jpg,ၶႃႊ
102.jpg,တွၵ်း
266.jpg,ထိမ်ႈ
1449.jpg,ပၢဝ်ႇ
16.jpg,တူး
50.jpg,သုမ်
822.jpg,ပွမ်ႈ
698.jpg,ၾိူဝ်း
824.jpg,ယိူမ်ႈ
2437.jpg,ငိုၼ်း
2785.jpg,ငႅမ်ႉ
464.jpg,ဢုင်ႈ
624.jpg,ၵၢၼ်ႇ
1986.jpg,ၶႅၼ်ႉ
3077.jpg,ထူင်
2833.jpg,ၶူၺ်
672.jpg,ၽၢဝ်ႇ
2824.jpg,ယႅမ်ႇ
341.jpg,လႅင်ႇ
3461.jpg,ငဵဝ်ႉ
162.jpg,ယွင်
2828.jpg,ၽူၺ်း
2067.jpg,ၽုတ်ႇ
2063.jpg,ပူႈ
2007.jpg,ၵိူတ်ႇ
3380.jpg,မၢဝ်ႉ
924.jpg,ေဢ
2493.jpg,ေၽႊ
1280.jpg,ၵႂ်
2621.jpg,လူင်း
1268.jpg,ပႅတ်ႇ
845.jpg,ၶၢဝ်း
1389.jpg,ၽဵင်း
281.jpg,ထူဝ်
3958.jpg,ၾၢင်
3824.jpg,တႂႃႇ
3670.jpg,ဝႅၵ်ႇ
3986.jpg,ၽူဝ်ႉ
921.jpg,ၵိုမ်ႈ
558.jpg,ႄငႈ
1887.jpg,လိူဝ်ႇ
929.jpg,ဝၢၵ်ႇ
63.jpg,ၵိၼ်ႇ
3183.jpg,ၸဵမ်
2006.jpg,ယိုၼ်ႈ
2518.jpg,မဵမ်ႉ
3726.jpg,မီႇ
3583.jpg,ႁၢၵ်ႊ
3784.jpg,ေပႃႊ
293.jpg,ဝိၼ်
1430.jpg,မီ
3719.jpg,ႁၢၼ်း
136.jpg,ၶုမ်ႈ
2311.jpg,ၵဵၵ်ႉ
403.jpg,ၵၢင်ႉ
2334.jpg,ႁႅမ်း
2248.jpg,ၽၢႆး
2588.jpg,ၵိူတ်ႇ
3331.jpg,တႅၼ်ႇ
103.jpg,ၸႅပ်း
1953.jpg,တင်ႇ
3009.jpg,ေရႃး
3227.jpg,ႁိုတ်း
2332.jpg,ငွၼ်ႈ
3797.jpg,ငမ်ႉ
3575.jpg,ဝၢင်း
768.jpg,ေၽႊ
1555.jpg,လႃႉ
1027.jpg,တိုမ်
3505.jpg,ၵႂၢၼ်
37.jpg,ၶုပ်ႉ
2995.jpg,မွင်ႇ
958.jpg,ၵဵင်ႊ
2734.jpg,ဝိုၼ်
987.jpg,ထူႉ
262.jpg,ဝၵ်ႉ
3318.jpg,ၸွႆႊ
2895.jpg,ၶႂၢၼ်ႇ
2606.jpg,ႁိူၼ်ႇ
2673.jpg,ေႁႃႇ
2042.jpg,လွင်ႊ
2870.jpg,တႃး
3246.jpg,ထုမ်ႉ
4091.jpg,ႄၼႉ
2667.jpg,တၢင်ႇ
1453.jpg,လႅပ်း
2475.jpg,ၸူမ်ႊ
1618.jpg,ရူႇ
1462.jpg,ႁၢင်ႉ
2568.jpg,ပိုၼ်း
1398.jpg,တူမ်
3566.jpg,ၶီး
2625.jpg,ငွၼ်
4048.jpg,သြႃႇ
4056.jpg,ၶုပ်ႈ
1796.jpg,လိူင်
349.jpg,ငိုတ်ႈ
2794.jpg,ယွမ်ႉ
793.jpg,ယဝ်း
4083.jpg,ၵုၼ်ႉ
3131.jpg,ငိုပ်း
1838.jpg,ပတ်း
1843.jpg,ၶၼ်
487.jpg,မွင်း
3419.jpg,ၵူၺ်
1065.jpg,ၶီႉ
2844.jpg,ဝူႈ
1562.jpg,ၺႅၼ်း
2564.jpg,လုတ်ႇ
1128.jpg,ၾၵ်ႉ
2605.jpg,ၵွင်ႇ
1229.jpg,ၼုၵ်း
1722.jpg,ယႅပ်း
1964.jpg,ယဝ်ႉ
3823.jpg,ပူႇ
417.jpg,ၸၢပ်ႈ
183.jpg,ၶုၺ်
1440.jpg,ၽိုတ်း
2551.jpg,ယိုတ်ႈ
3199.jpg,ႁႅပ်ႇ
827.jpg,ၽွင်ႉ
2699.jpg,ဢတ်း
2808.jpg,ၼၼ်ႊ
3900.jpg,ယုၼ်ႈ
2490.jpg,သမ်ႇ
2479.jpg,ၸုမ်း
3869.jpg,ဢိုၼ်း
838.jpg,ၸဵပ်း
91.jpg,လၢင်ႉ
794.jpg,ဢိူၼ်
3865.jpg,ၾၢၼ်ႇ
78.jpg,တၢင်ႊ
140.jpg,ႁွပ်ႈ
1464.jpg,ၼဝ်ႊ
2255.jpg,ယႃႈ
788.jpg,ၸွၼ်ႊ
2579.jpg,တူႊ
3553.jpg,မုင်ႉ
2023.jpg,ၵုၼ်
1827.jpg,ထိပ်ႇ
1321.jpg,ၼဵင်
554.jpg,ႁၢင်ႉ
775.jpg,ၶႅၼ်ႈ
1010.jpg,ၸိုပ်ႉ
1730.jpg,ဢုၺ်း
3078.jpg,ၾင်ႇ
2987.jpg,တိပ်း
3513.jpg,ၸၢပ်ႇ
278.jpg,ပဵဝ်ႉ
2459.jpg,ႁွတ်ႈ
2935.jpg,မႅပ်ႇ
3491.jpg,သုၼ်ႇ
3434.jpg,ၽူတ်ႇ
2302.jpg,ထိၼ်
1251.jpg,ထၢဝ်ႇ
2982.jpg,ေၵႇ
2143.jpg,ၶုၵ်း
637.jpg,ၶႂၢႆႇ
2351.jpg,လုၺ်ႉ
1949.jpg,လူတ်ႊ
3981.jpg,မၢႆး
3174.jpg,ၽုၺ်ႈ
1707.jpg,ယုတ်ႈ
2472.jpg,ယူၺ်
731.jpg,ၶွင်း
2908.jpg,ၺႅၵ်ႈ
1786.jpg,ၸွင်ႇ
1782.jpg,ယူး
2569.jpg,ၶၢၵ်ႈ
4075.jpg,သိုဝ်ႇ
1554.jpg,ယူၵ်ႇ
3016.jpg,ဝိုၵ်ႉ
4018.jpg,ၸင်ႈ
2294.jpg,ၵူၵ်ႇ
3500.jpg,မႅၼ်ႊ
257.jpg,ယၢမ်ႊ
1518.jpg,ေၽႉ
3933.jpg,သိူဝ်
3038.jpg,ပၢၵ်ႇ
377.jpg,ဢုၼ်ႉ
2834.jpg,ဢၢၼ်ႇ
2379.jpg,မဵၼ်ႈ
855.jpg,မူႇ
2942.jpg,ၼိဝ်း
922.jpg,တႅတ်း
1042.jpg,မွမ်ႉ
762.jpg,တိူၵ်း
2771.jpg,ၸူဝ်း
452.jpg,သုတ်း
3445.jpg,ဢုတ်း
378.jpg,ဢၢင်ႇ
2246.jpg,ဢုၼ်ႉ
947.jpg,တၢမ်ႇ
2498.jpg,ထိၼ်ႇ
2744.jpg,လၢင်ႉ
949.jpg,ႁၼ်း
2320.jpg,ၸိူမ်ႊ
2599.jpg,ဝူၼ်ႉ
4047.jpg,တုၵ်ႉ
2837.jpg,ယွပ်း
2713.jpg,ၵိုဝ်ႊ
2398.jpg,ၶုမ်
1526.jpg,ၵွပ်ႊ
3827.jpg,ၶၢၼ်ႇ
1506.jpg,ၸုင်ႇ
3148.jpg,သူၼ်း
1228.jpg,ယွၵ်ႊ
2735.jpg,ၽြႃး
664.jpg,ၽုင်
2531.jpg,သူႉ
1916.jpg,ၵႅမ်ႈ
3743.jpg,တွပ်း
3358.jpg,ၵႂႆး
588.jpg,ၽႅင်ႇ
239.jpg,ယဝ်
435.jpg,လႅမ်
3472.jpg,ပင်ႊ
2045.jpg,ယၢမ်ႊ
3588.jpg,ႄၼး
591.jpg,မွင်ႈ
3975.jpg,ေလး
3051.jpg,သၼ်ႈ
1458.jpg,ငိုၼ်း
1392.jpg,ႄႁး
1488.jpg,ယွႆ
1721.jpg,သူင်း
1466.jpg,ၶိုၵ်း
1009.jpg,ႁၼ်ႈ
307.jpg,ဢိင်ႊ
563.jpg,ၽႅင်ႇ
2514.jpg,ပီႉ
4082.jpg,သိပ်ႉ
3694.jpg,ပႅတ်ႇ
3437.jpg,မဝ်း
1883.jpg,ႁုၺ်ႉ
2964.jpg,ယိူင်း
2692.jpg,ၸမ်ႇ
972.jpg,ငၢဝ်ႈ
928.jpg,ၶူဝ်ႈ
565.jpg,ဢွပ်း
3493.jpg,ႄႁႈ
3808.jpg,ၶုင်ႈ
2355.jpg,မွၺ်း
3029.jpg,ၵုၼ်း
3918.jpg,ယဝ်ႊ
1910.jpg,ၵၼ်ႊ
2215.jpg,ၶီႇ
1552.jpg,လၢမ်း
3594.jpg,ၾီ
2151.jpg,ၵၢႆး
3514.jpg,ငုမ်
494.jpg,ငတ်ႉ
2878.jpg,ေၼႃ
3878.jpg,ၸမ်ႊ
1094.jpg,ဢိၵ်ႇ
820.jpg,ၶုၺ်ႉ
3388.jpg,ငၢမ်ႊ
3035.jpg,ၵိုဝ်ႊ
3279.jpg,ၼိၵ်ႈ
4003.jpg,လမ်
964.jpg,ငႅဝ်
1091.jpg,ၸိုၼ်း
60.jpg,ၵိူဝ်ႇ
244.jpg,လိမ်း
2587.jpg,လိၼ်
3862.jpg,သဵဝ်ႈ
2486.jpg,ၺႅၼ်း
4020.jpg,ၾႃႇ
2656.jpg,ၼဵဝ်ႈ
3322.jpg,ယိူဝ်ႇ
3693.jpg,ၸူႉ
2299.jpg,ဢၢမ်ႇ
118.jpg,မႃႇ
573.jpg,မွၼ်ႇ
2254.jpg,တိုင်း
837.jpg,ၽူၺ်း
3634.jpg,တဵမ်း
642.jpg,ဢူၼ်
3863.jpg,ဝိၼ်ႇ
2671.jpg,ပုၼ်ႇ
2075.jpg,ၶႆႇ
3775.jpg,ၵူႊ
500.jpg,ထၢင်ႇ
3045.jpg,သုတ်ႈ
1134.jpg,ၽႅတ်ႉ
2470.jpg,လူင်
1360.jpg,ၽဵၼ်ႇ
158.jpg,မတ်း
3190.jpg,ၸၢဝ်း
1529.jpg,ပႅပ်ႉ
1706.jpg,မဝ်ႇ
1253.jpg,ထၢတ်ႇ
1300.jpg,ၸိုၼ်ႊ
3363.jpg,မိၵ်ႈ
1071.jpg,ငိမ်း
556.jpg,ပိူပ်ႈ
2666.jpg,တုင်ႊ
594.jpg,ၵူဝ်ႈ
3608.jpg,ၶၢၼ်ႉ
3822.jpg,ပမ်ႉ
2360.jpg,ၸိူင်ႇ
3120.jpg,ယႅင်ႉ
3272.jpg,ငဝ်ႈ
3208.jpg,တႅၼ်ႊ
1290.jpg,ပိုတ်း
3667.jpg,တၢင်း
805.jpg,ဢႅၵ်း
876.jpg,ပိူပ်ႊ
528.jpg,သႅဝ်
951.jpg,ၼၢၼ်း
1259.jpg,သုၼ်ႉ
3453.jpg,လူႇ
3132.jpg,တိင်ႉ
982.jpg,ငုမ်း
780.jpg,ႁတ်း
1717.jpg,ၵႅင်ႈ
521.jpg,တိၵ်း
2054.jpg,ပႅင်ႈ
3442.jpg,ေထႃး
1780.jpg,ပူႈ
1131.jpg,သႅၼ်း
2816.jpg,ေဝႃႈ
3611.jpg,ပိင်း
3621.jpg,ထိူဝ်
986.jpg,ငဵဝ်း
1318.jpg,ၶူၼ်ႉ
3592.jpg,ၼူဝ်
909.jpg,သွတ်ႉ
3571.jpg,သိင်ႈ
2722.jpg,တုၼ်ႇ
3415.jpg,ၾၢၵ်ႇ
1455.jpg,ေလႃ
913.jpg,ၼႃ
3990.jpg,သိတ်း
3402.jpg,ယွၵ်ႊ
3565.jpg,ထုၺ်ႉ
2939.jpg,ၵႂၢၼ်ႉ
3652.jpg,မိပ်ႇ
3939.jpg,ဢူပ်း
2052.jpg,ၵၼ်ႈ
3336.jpg,ေထႈ
1710.jpg,ႄဝ
1017.jpg,လွၺ်ႇ
2282.jpg,ထူၵ်း
985.jpg,ႁႅၵ်ႈ
18.jpg,ၵိုတ်ႈ
2020.jpg,ထူင်
3886.jpg,ၸၢင်ႊ
2035.jpg,ထူင်ႉ
746.jpg,ၵႅပ်း
2800.jpg,လိၼ်
2370.jpg,ၸၢတ်ႉ
2867.jpg,ႁူၼ်
684.jpg,ႄယႇ
2859.jpg,ၽူတ်ႉ
3960.jpg,လိုဝ်း
2646.jpg,ထူၺ်ႉ
1346.jpg,တၵ်ႉ
1801.jpg,လႆႇ
1875.jpg,ၽိဝ်း
2706.jpg,လိုၼ်ႊ
2753.jpg,ႁမ်ႇ
2875.jpg,ၵၢတ်ႇ
2580.jpg,ၼွပ်ႇ
356.jpg,ၽီ
184.jpg,လၢႆ
1901.jpg,မွႆ
945.jpg,ႁိုၼ်ႈ
3748.jpg,မႅဝ်ႉ
3325.jpg,မိူတ်ႇ
2291.jpg,ပၼ်း
3105.jpg,ၽွတ်ႇ
1819.jpg,ၽႆႇ
3157.jpg,ယွၵ်း
4013.jpg,ၽူဝ်ႇ
2230.jpg,ဝတ်း
692.jpg,လိူၵ်ႇ
1396.jpg,ၼိပ်ႈ
2428.jpg,ၵၢင်ႉ
1665.jpg,မဵၼ်ႈ
1856.jpg,ၵိူဝ်ႈ
1508.jpg,ဢိုပ်း
3702.jpg,ယၢင်ႉ
3861.jpg,မၵ်း
2754.jpg,ၶူႈ
9.jpg,လိူၼ်း
2026.jpg,ၸွၼ်
3071.jpg,တူၺ်း
3737.jpg,ဢဵမ်ႇ
1033.jpg,ဝႅင်း
148.jpg,မၢၵ်ႇ
2391.jpg,ဢႅၼ်ႇ
2079.jpg,ၼဵဝ်ႈ
1174.jpg,ႁူၵ်ႈ
3110.jpg,လွတ်ႊ
3544.jpg,ယႅပ်ႈ
4077.jpg,ႁိူၵ်း
402.jpg,ၽဝ်
524.jpg,ၵူၼ်း
2317.jpg,ၸီ
2142.jpg,ယုၵ်း
1410.jpg,ထိူၼ်ႉ
2902.jpg,ဝၵ်း
2709.jpg,ႄယႉ
41.jpg,ငႅၵ်း
3578.jpg,ပုပ်ႉ
3319.jpg,မွၺ်
3647.jpg,ဢိူၺ်း
3768.jpg,ဢဵင်
2083.jpg,လုတ်း
2593.jpg,ထုၵ်ႈ
2632.jpg,ႁဵတ်း
3644.jpg,မႆ
2726.jpg,ႁၵ်ႉ
1947.jpg,ၵႅဝ်း
1278.jpg,တွပ်း
3846.jpg,ၶႆႉ
1790.jpg,ၸွမ်း
1480.jpg,ေၼႃး
337.jpg,ၼၢတ်ႇ
3393.jpg,ဝွင်ႉ
491.jpg,ထိတ်ႉ
259.jpg,သုၵ်း
1197.jpg,ယုၼ်ႈ
302.jpg,ဢႅတ်ႈ
1336.jpg,မၢဝ်ႉ
234.jpg,ႁီႈ
308.jpg,သုင်
1656.jpg,ၶႅဝ်ႉ
2852.jpg,ၸႅၵ်ႊ
1627.jpg,လွၼ်ႊ
3172.jpg,မူၺ်ႇ
3328.jpg,ဢုၼ်ႉ
2236.jpg,ၽမ်
2865.jpg,မၢမ်ႈ
3289.jpg,သိမ်ႇ
3739.jpg,ဢႃႊ
2550.jpg,ႁမ်
2738.jpg,ယဵပ်ႇ
83.jpg,သၵ်း
2427.jpg,လိုင်ႇ
1533.jpg,ဢိမ်
3138.jpg,ၽုၼ်ႇ
2473.jpg,မူၺ်
1904.jpg,လူင်ႇ
1332.jpg,ၸူပ်ႈ
2758.jpg,လိုင်ႉ
441.jpg,လွင်
2162.jpg,ၸၢမ်ႇ
2093.jpg,လၢင်ႈ
2511.jpg,မွမ်ႈ
2145.jpg,ၽဵဝ်ႈ
2468.jpg,သိင်း
1556.jpg,လၢမ်ႉ
2506.jpg,ၵုတ်ႈ
1567.jpg,ယဵတ်ႈ
3849.jpg,ငီး
2144.jpg,ႁႅင်ႊ
43.jpg,ေၵႊ
2980.jpg,ႁိင်ႈ
1833.jpg,ငူၺ်ႈ
2212.jpg,မွၼ်ႈ
3070.jpg,ထၢတ်း
3839.jpg,ဢိုၵ်ႉ
2663.jpg,မူၼ်ႇ
3866.jpg,ၺႅၵ်ႈ
1968.jpg,ရူတ်ႉ
2696.jpg,တၢၼ်ႇ
1735.jpg,ထၢင်ႇ
2819.jpg,ၽိုဝ်ႉ
67.jpg,ၶိူဝ်း
3048.jpg,ယူမ်ႇ
329.jpg,ဝူဝ်
1053.jpg,ပိုၵ်း
1751.jpg,ၸဵပ်း
3789.jpg,ပွၵ်း
1596.jpg,ထုမ်ႉ
1831.jpg,ၼူၵ်ႉ
3112.jpg,ပိူဝ်ႇ
498.jpg,မၢမ်ႇ
3720.jpg,သမ်ႈ
3569.jpg,မၢမ်ႇ
3523.jpg,ၽွမ်
1714.jpg,ႁဵဝ်
1967.jpg,ၽၼ်
3548.jpg,ယွႆ
1951.jpg,လႅင်ႇ
813.jpg,ပႅၵ်ႉ
1693.jpg,ၸုၼ်
3129.jpg,ၽူင်
2543.jpg,ႁုမ်
1478.jpg,သုပ်း
1161.jpg,ၸွတ်ႈ
3692.jpg,တူၼ်ႈ
3124.jpg,တႃႊ
2235.jpg,ၶမ်ႉ
2217.jpg,ၼွင်ႈ
3816.jpg,ၶူမ်း
247.jpg,လႃ
3801.jpg,ၼင်ႈ
3800.jpg,လူၺ်ႇ
1668.jpg,ေၵႃႇ
1101.jpg,တၢင်ႈ
2930.jpg,ေၵႃႊ
1383.jpg,ယၢႆႊ
1719.jpg,ၵိူၵ်ႇ
2037.jpg,ၶိုၵ်ႉ
2130.jpg,ၸိူၵ်ႈ
3651.jpg,ႁွၺ်ႉ
1919.jpg,တူပ်ႈ
1794.jpg,သိဝ်
2533.jpg,ယူတ်ႉ
3890.jpg,ၸၢႆႊ
3561.jpg,ၶုင်း
2595.jpg,ယူၵ်ႈ
696.jpg,ေၼး
1292.jpg,လႅင်း
2787.jpg,သီႉ
2742.jpg,ေႁႃႈ
3377.jpg,ၼႅပ်ႇ
514.jpg,လၢင်
3396.jpg,ပင်
2298.jpg,တဵင်ႇ
3516.jpg,ဝူင်ႉ
3269.jpg,ၾၼ်ႈ
1724.jpg,ငႃႇ
4015.jpg,ထၢႆး
3970.jpg,ႁိူင်း
1327.jpg,ၸူၺ်ႉ
1269.jpg,ယူၼ်း
875.jpg,တုၵ်း
1690.jpg,ယဝ်ႉ
3346.jpg,လၢၼ်း
2936.jpg,လိၵ်း
1900.jpg,ၽိုဝ်ႈ
3027.jpg,တႃ
3474.jpg,ၵႃ
1673.jpg,ပူၼ်ႉ
1191.jpg,ဝုမ်း
1912.jpg,ႁွၺ်ႉ
555.jpg,ၵိုင်ႉ
1235.jpg,ၵူၺ်ႉ
3848.jpg,ဢၢဝ်း
3602.jpg,ထႅၼ်ႈ
296.jpg,ေၽႊ
1503.jpg,ၶၢပ်ႈ
2552.jpg,သွတ်ႉ
4088.jpg,ပၢၵ်ႈ
2140.jpg,ယူတ်း
333.jpg,ႁုၼ်ႊ
669.jpg,ၶွႆး
2111.jpg,သုၼ်ႇ
2452.jpg,ၵႅဝ်း
3353.jpg,ၼိူင်ႇ
3100.jpg,ၸဵမ်း
1974.jpg,ၵူၼ်ႇ
2049.jpg,ၶိူဝ်
359.jpg,ေၵႊ
1817.jpg,လူဝ်
1999.jpg,မူဝ်
1893.jpg,ေလႃႇ
2773.jpg,ေလႃႉ
1468.jpg,ယိုၼ်း
3392.jpg,ထုၵ်ႇ
2105.jpg,ၶိၵ်း
414.jpg,ပိူဝ်း
894.jpg,ၶၢတ်ႈ
2060.jpg,ပီ
1670.jpg,ၼၢႆ
485.jpg,ၽိူၵ်ႇ
3169.jpg,လပ်ႉ
1565.jpg,ဢႅတ်ႉ
4017.jpg,တၢမ်
2010.jpg,မႅၼ်ႈ
224.jpg,ၼွၼ်း
2008.jpg,လၢဝ်
2885.jpg,ၶွင်ႉ
3467.jpg,ငိၼ်း
181.jpg,ၶူင်ႊ
512.jpg,မိၼ်
3620.jpg,ၵူၺ်ႈ
1469.jpg,ငႅင်း
1149.jpg,ၶၢမ်ႇ
2435.jpg,မွမ်
1761.jpg,ႁွင်ႇ
120.jpg,ယုၵ်ႉ
2598.jpg,ပိုၵ်း
324.jpg,ၸတ်း
3041.jpg,ဢူၺ်ႉ
3892.jpg,လႅမ်း
1011.jpg,လွႆႊ
2186.jpg,လဵင်ႉ
2455.jpg,ပၢဝ်ႇ
4024.jpg,တဵင်ႈ
1937.jpg,ႁူဝ်း
2612.jpg,ၺႅမ်ႇ
1076.jpg,ၶႆ
2424.jpg,ယၢင်း
2155.jpg,ယိုၵ်ႉ
1052.jpg,ႁၢႆႈ
3365.jpg,ၸွၺ်
31.jpg,ယူတ်ႉ
3259.jpg,မုင်ႇ
3871.jpg,ဢုတ်ႉ
1638.jpg,ၵွင်ႉ
2002.jpg,လိူင်ႈ
2487.jpg,ၸွၼ်
2874.jpg,ၽဝ်ႈ
3042.jpg,ေထႃႉ
1860.jpg,မုပ်း
1891.jpg,ပိင်
1118.jpg,ဝိၼ်
2871.jpg,ယမ်ႉ
658.jpg,တိုင်ႉ
3760.jpg,မၼ်ႉ
3109.jpg,ေၼႉ
1542.jpg,ေၽ
3408.jpg,ၶီႇ
3677.jpg,ေၽႃႉ
489.jpg,လႅၼ်ႈ
3813.jpg,ထူင်ႇ
86.jpg,ၶၢဝ်း
1497.jpg,ထုင်ႊ
2375.jpg,ႁုၵ်ႇ
3525.jpg,ႁူတ်ႊ
3195.jpg,ေယႉ
3297.jpg,ဢိုင်
688.jpg,လွႆႇ
846.jpg,ၶိုၵ်ႇ
2981.jpg,ၼင်း
739.jpg,ေၶႇ
1961.jpg,ၼႃႈ
217.jpg,ဢူၵ်း
3956.jpg,သၢၵ်ႇ
2374.jpg,ၾၢင်ႉ
648.jpg,ၼၼ်ႉ
3304.jpg,မုၼ်း
286.jpg,ၽွၵ်ႈ
3068.jpg,ဝၢၼ်ႉ
1787.jpg,လႃး
165.jpg,ၶွၵ်း
3055.jpg,ယင်း
1109.jpg,ၵႅၼ်ႈ
2775.jpg,ႄလႇ
2030.jpg,ၸႃႉ
2237.jpg,ႁမ်
4085.jpg,ၵုၵ်ႇ
613.jpg,လဝ်ႉ
2423.jpg,ငူဝ်း
3894.jpg,ႁုၵ်ႉ
1992.jpg,သိဝ်ႉ
2267.jpg,ငၢႆ
3255.jpg,ၶိဝ်း
309.jpg,ႁိတ်ႉ
423.jpg,ထိပ်ႇ
2289.jpg,ဢိၼ်း
2563.jpg,ၺိပ်ႈ
2807.jpg,ၶိင်ႇ
2535.jpg,ႁဝ်း
1704.jpg,ၽင်ႉ
1750.jpg,တင်
1971.jpg,တဝ်ႈ
974.jpg,ဝႅတ်ႉ
3335.jpg,လွၼ်ႇ
3426.jpg,ၶႂၢႆး
2750.jpg,ထိုၼ်ႉ
1333.jpg,ၸဵတ်ႈ
1150.jpg,မႅပ်ႊ
4023.jpg,ႁူၺ်ႈ
1977.jpg,ယွင်ႉ
2265.jpg,ဝိုၼ်ႈ
1271.jpg,သဵင်
137.jpg,ၵႅပ်ႊ
3382.jpg,ၵူဝ်ႉ
3312.jpg,မီး
644.jpg,ၶွင်
2034.jpg,ပၢၼ်း
4005.jpg,ေထႈ
2603.jpg,ႄသး
1643.jpg,ယွတ်ႉ
455.jpg,ေၼႃႈ
4087.jpg,ပႆႊ
2089.jpg,လိူင်း
3486.jpg,ၽၢင်ႇ
2956.jpg,ႁႅၼ်ႇ
288.jpg,ၵွၼ်
128.jpg,ၶိတ်း
1664.jpg,ႄၼ
2892.jpg,မိုၼ်ႉ
2279.jpg,ဢိူၵ်ႇ
1640.jpg,ထုင်ႊ
2961.jpg,ငွႆႉ
3601.jpg,ဢိုၼ်း
2313.jpg,သိုဝ်ႇ
1537.jpg,မႃႈ
4079.jpg,မၢတ်ႇ
955.jpg,ၵပ်ႈ
2300.jpg,ၽႅဝ်ႉ
129.jpg,ၶႂၢတ်ႇ
1136.jpg,ၾူင်း
3254.jpg,လွပ်ႈ
3576.jpg,ႁဵၵ်း
3679.jpg,တဵတ်ႇ
2585.jpg,တႅၵ်ႇ
2529.jpg,တမ်ႊ
3249.jpg,ၶုတ်း
2970.jpg,သွပ်ႉ
3503.jpg,ၾတ်ႉ
437.jpg,ၼႅမ်း
1216.jpg,ၶူပ်ႉ
505.jpg,ေၶႇ
1892.jpg,ယိုၼ်
4069.jpg,ၵၢင်
1368.jpg,ဝူမ်
1074.jpg,မိင်ႈ
3773.jpg,ယၢႆး
1436.jpg,ၾင်ႇ
1863.jpg,ဝိုၼ်း
3689.jpg,တၢဝ်
721.jpg,ေၸႃႇ
3972.jpg,ၼမ်
3568.jpg,ၶႅင်ႈ
1277.jpg,ၸွမ်ႇ
1443.jpg,ဢူပ်ႈ
2717.jpg,ငုမ်း
3616.jpg,ၽူၼ်
2295.jpg,ႁွၵ်ႇ
2990.jpg,ၵူၺ်း
220.jpg,လွင်း
3622.jpg,တုမ်ႈ
2090.jpg,ၽွၼ်ႉ
2277.jpg,ဢၢဝ်ႈ
484.jpg,ဢူၺ်း
3266.jpg,ႄလႉ
2783.jpg,ၵီႊ
2636.jpg,ယုင်ႈ
1799.jpg,ပိူပ်ႊ
2226.jpg,တၢဝ်
3364.jpg,ယမ်ႈ
1685.jpg,ယွႆး
2306.jpg,ၶဵတ်ႇ
3489.jpg,မႅင်း
2337.jpg,မႅၼ်ႊ
1920.jpg,ၽုပ်ႉ
2119.jpg,ထၢတ်ႈ
204.jpg,ထိူၵ်ႈ
2847.jpg,ၺႅင်း
3506.jpg,တမ်ႈ
2649.jpg,ၸိူၼ်း
380.jpg,ၽၢႆႉ
2210.jpg,ၼၢမ်
2420.jpg,မိုပ်း
3829.jpg,ပွမ်း
4061.jpg,ေထႃႈ
4084.jpg,ယူၺ်း
2359.jpg,ၽႅၼ်
387.jpg,ေဢႈ
608.jpg,ေၵႇ
2651.jpg,ဢူင်ႇ
1925.jpg,ၵဵဝ်ႊ
562.jpg,ၼိင်ႈ
1864.jpg,မူၼ်ႊ
3756.jpg,တူၺ်ႊ
1372.jpg,ငူပ်ႉ
2539.jpg,ငွၵ်ႉ
3633.jpg,သိူၼ်ႈ
352.jpg,ထုင်း
418.jpg,ယူၼ်ႊ
2141.jpg,ႁူင်ႈ
428.jpg,ဝူပ်ႇ
3406.jpg,ပၢႆႈ
312.jpg,လိူတ်ႇ
1885.jpg,လိၼ်း
685.jpg,ၶႅင်ႇ
1667.jpg,တၢဝ်
2114.jpg,ဢိူမ်
2366.jpg,ၵဵၼ်
2403.jpg,သႂၢင်း
1438.jpg,ၶႅင်ႇ
141.jpg,ပိုၼ်ႉ
1107.jpg,ၶႂၢမ်း
3949.jpg,ၸဵတ်း
2541.jpg,ပွၵ်ႈ
2356.jpg,ပိူၼ်ႈ
3779.jpg,တၢတ်ႇ
3338.jpg,ထၢမ်
2253.jpg,ဢိတ်း
680.jpg,ၽွၵ်ႈ
96.jpg,သိင်ႇ
2381.jpg,ယူၼ်ႊ
795.jpg,လွၼ်ႈ
2861.jpg,ဢဵမ်ႉ
3909.jpg,ၽၢၵ်ႈ
1676.jpg,လၢဝ်ႈ
1933.jpg,ဝူၺ်
2242.jpg,ၸၢဝ်ႇ
1905.jpg,လိုၵ်ႉ
1077.jpg,ယႅၼ်ႈ
1815.jpg,ဝိုၼ်ႉ
2894.jpg,ၶွတ်း
2339.jpg,လိုဝ်ႉ
2866.jpg,လိမ်း
966.jpg,သုတ်း
465.jpg,ဢွမ်ႉ
26.jpg,ေၸႃႉ
1848.jpg,ယွၺ်
2241.jpg,ၵိူဝ်
1926.jpg,ၽြႃး
215.jpg,ယဵမ်ႈ
38.jpg,ေဢႈ
4068.jpg,ၵဵၼ်း
1029.jpg,တုမ်ႇ
2485.jpg,တိုတ်း
568.jpg,တင်ႉ
2957.jpg,သုတ်း
3889.jpg,ဝူႈ
2039.jpg,ၽဵတ်ႇ
3156.jpg,ၼူၵ်ႇ
3695.jpg,ၸီ
3450.jpg,ၶိဝ်း
2797.jpg,ပႃး
1532.jpg,ၵၢဝ်ႈ
957.jpg,ႁၢပ်ႈ
3941.jpg,ဝိုဝ်ႉ
4008.jpg,ယၢၵ်ႈ
992.jpg,ဝႅၵ်း
1183.jpg,ၵၢဝ်း
1590.jpg,ေပႊ
2642.jpg,ၶူပ်ႉ
607.jpg,သွမ်ႇ
2025.jpg,သူႉ
3126.jpg,တႅဝ်း
2167.jpg,သိုဝ်
2897.jpg,တိပ်း
2635.jpg,လႃႇ
3875.jpg,ႁိၵ်ႈ
2597.jpg,သူင်
3959.jpg,ၵိူပ်ႇ
2091.jpg,သိင်း
653.jpg,ပၢမ်း
3469.jpg,ငိူတ်ႈ
2836.jpg,ၾီ
1285.jpg,ၵဵင်ႈ
2245.jpg,ၾၼ်
3810.jpg,မွၼ်
2515.jpg,ေထႈ
4092.jpg,ၵၢမ်း
856.jpg,ၸုမ်း
2766.jpg,ႁၢႆႈ
70.jpg,ေလႃႇ
3021.jpg,တွင်း
339.jpg,ႁႅတ်ႇ
3483.jpg,ပိုဝ်ႈ
3868.jpg,ယွမ်း
2953.jpg,ပွတ်ႊ
647.jpg,သဵပ်း
2304.jpg,မီႇ
74.jpg,ယူၵ်ႉ
1889.jpg,ဢူတ်ႉ
2536.jpg,ပွင်း
1573.jpg,ၽိူမ်
1178.jpg,ၼူတ်ႊ
815.jpg,ၶႃ
2480.jpg,ထၢႆ
1295.jpg,ၽႅင်ႉ
3386.jpg,လဵပ်ႇ
111.jpg,မူၼ်ႇ
4029.jpg,ၶၢင်ႇ
241.jpg,ၶၢႆႇ
661.jpg,ထဝ်
3951.jpg,ထိုမ်ႈ
3625.jpg,ယူဝ်ႇ
2086.jpg,ထုင်ႈ
2645.jpg,ေဢႃႇ
347.jpg,ေသ
216.jpg,လိၵ်ႇ
3245.jpg,ၵူၺ်
3526.jpg,ၸုပ်ႈ
3763.jpg,ႄတႉ
771.jpg,ၼဵင်
3056.jpg,လၵ်ႉ
3938.jpg,ပူႉ
2017.jpg,ယူမ်ႉ
3504.jpg,မိူမ်ႇ
3840.jpg,ၵိၼ်ႊ
3942.jpg,ပႂ်း
3769.jpg,သုၵ်း
1534.jpg,ႁူဝ်ႊ
472.jpg,ႁူတ်ႈ
1344.jpg,ထၢဝ်
1792.jpg,ဢိုၵ်ႉ
3912.jpg,ၼၢမ်
1616.jpg,ႁွင်ႇ
150.jpg,ႄယႇ
1789.jpg,ၵၼ်း
3103.jpg,မူမ်ႈ
338.jpg,မႅဝ်
1284.jpg,ငွပ်ႈ
2263.jpg,ၶႅဝ်း
1873.jpg,ပိဝ်ႇ
2502.jpg,ဢိုၵ်ႉ
2746.jpg,ႁၢတ်ႈ
3770.jpg,ငတ်ႉ
1066.jpg,ႁႅမ်
3560.jpg,လိၼ်
2643.jpg,လူဝ်ႈ
335.jpg,ၵွၼ်ႉ
3671.jpg,ယၢင်း
3464.jpg,ၽွင်
1242.jpg,ဢႅမ်ႈ
715.jpg,ဢႅၼ်
185.jpg,ၸႃႇ
1152.jpg,ထႅဝ်ႉ
1302.jpg,မူမ်
1915.jpg,ထႃႈ
997.jpg,ၸွၺ်ႈ
1970.jpg,လွၼ်
835.jpg,ႄၶး
1494.jpg,ယိူင်ႇ
1082.jpg,ယိူမ်ႈ
2840.jpg,ယီႉ
3531.jpg,ေငႃႇ
1391.jpg,ၶုတ်ႇ
539.jpg,ၸိပ်း
2817.jpg,ၵုမ်ႈ
92.jpg,ပိူင်
1418.jpg,ၵူၺ်ႉ
3291.jpg,ပႅၵ်ႇ
1380.jpg,ဝွၵ်ႉ
3612.jpg,ပၢပ်ႇ
3218.jpg,လႅဝ်း
3145.jpg,ပဵၼ်
2393.jpg,ဢႅဝ်း
2477.jpg,ၶုၼ်ႈ
867.jpg,ၶၢပ်ႈ
1872.jpg,တိုဝ်ႇ
227.jpg,မၢဝ်ႇ
2690.jpg,ၵီႇ
1510.jpg,ၵူဝ်ႊ
718.jpg,သႅင်း
522.jpg,ၶိုပ်ႈ
530.jpg,ဝွပ်ႈ
526.jpg,လၵ်ႉ
2534.jpg,ႁုတ်ႉ
1612.jpg,ႁူတ်ႈ
2456.jpg,သၢမ်ႈ
2540.jpg,ပူႇ
899.jpg,ဢီ
1187.jpg,ၼႃ
1994.jpg,ၸႂႃ
2860.jpg,ထၢပ်ႈ
311.jpg,ၵူ
3033.jpg,ၵၼ်
3193.jpg,သုတ်ႈ
3092.jpg,ပင်ႉ
2913.jpg,ၸွၺ်ႈ
397.jpg,ဝႃႉ
2064.jpg,ဝိူဝ်ႇ
504.jpg,ၶႅၼ်ႉ
1998.jpg,မၢမ်ႇ
944.jpg,ၽႃႇ
1092.jpg,ၺိပ်ႈ
3582.jpg,ၸွၼ်ႈ
2416.jpg,ၵူမ်ႇ
1405.jpg,ေၽႇ
279.jpg,ထႃႈ
1783.jpg,မုင်း
3931.jpg,ၼႂ်း
841.jpg,ပွတ်ႇ
1103.jpg,ႁႃႉ
1914.jpg,တူႈ
2752.jpg,ပူၺ်ႇ
3282.jpg,ၽိၼ်ႇ
3902.jpg,ၵဝ်ႉ
291.jpg,ႁိၼ်
3935.jpg,ၵုၵ်ႇ
221.jpg,ဝႅတ်ႈ
2322.jpg,ၶုင်
3349.jpg,ငိူမ်ႉ
2410.jpg,လႂႃႉ
3059.jpg,သွတ်ႉ
3899.jpg,ယူမ်ႉ
3517.jpg,ၵၢၼ်ႉ
503.jpg,ဝွၼ်ႈ
507.jpg,ႄဝး
3735.jpg,ၶႅဝ်ႉ
2952.jpg,ၸၢၼ်ႊ
2620.jpg,တိူဝ်ႉ
2087.jpg,ဢွၼ်ႇ
2618.jpg,ၺူင်း
1207.jpg,ၼၢၼ်
545.jpg,ငဝ်ႈ
3181.jpg,ၵိၼ်ႈ
662.jpg,တၢဝ်ႈ
248.jpg,မိူင်ႈ
1913.jpg,ၶႅင်း
2839.jpg,ၶုၼ်ႊ
901.jpg,ၼဵဝ်ႈ
1189.jpg,တဝ်ႇ
1081.jpg,ၼွၵ်ႉ
988.jpg,ၵၢႆႉ
3745.jpg,ဝုၼ်ႉ
23.jpg,ဢူႈ
681.jpg,ထႅပ်ႇ
1666.jpg,ၵၢင်
282.jpg,ဢၵ်း
2415.jpg,လႅၼ်ႇ
2803.jpg,ဢၢၼ်း
48.jpg,ႁႅမ်
2195.jpg,တူမ်
2103.jpg,ၶူၼ်
1857.jpg,ၽိဝ်ႇ
2411.jpg,ၽဵတ်ႇ
1402.jpg,ၶဵဝ်ႉ
1636.jpg,ယဵတ်ႇ
2287.jpg,ႁူၵ်း
1535.jpg,ထွင်ႈ
404.jpg,လိမ်ႇ
903.jpg,မႅပ်ႉ
3550.jpg,တိူၼ်း
3642.jpg,ၸႆႉ
2969.jpg,ၵၢမ်
1198.jpg,ၸွတ်ႉ
970.jpg,ဢူတ်ႈ
826.jpg,ၵၢၵ်ႇ
1411.jpg,ဝိုဝ်ႉ
3032.jpg,ဢုင်ႈ
2640.jpg,တိုတ်း
493.jpg,ဢိုင်ႈ
3710.jpg,သၼ်ႊ
2397.jpg,ၼၢင်ႈ
319.jpg,ေၼႃ
3230.jpg,ၼၢတ်ႇ
612.jpg,ဢုတ်း
1043.jpg,ေလႃႉ
2850.jpg,လၢမ်ႉ
2586.jpg,ဢၼ်
1791.jpg,ငူပ်ႇ
3107.jpg,တုၺ်ႉ
1678.jpg,ပိူပ်ႉ
2728.jpg,ႁၢမ်ႈ
3002.jpg,ၶိုင်
3494.jpg,သိုၼ်း
153.jpg,ၸူမ်ႊ
1335.jpg,ၶမ်
187.jpg,ႄမႉ
2387.jpg,ႄယႉ
2281.jpg,ၶၼ်ႈ
1460.jpg,ၶႆႉ
756.jpg,ၵႂႆ
1126.jpg,လိဝ်း
2171.jpg,ၶဵၼ်း
3686.jpg,ၶႂ်ႇ
717.jpg,ပွၵ်ႈ
1019.jpg,ၵၢႆႊ
621.jpg,ၶၵ်း
3308.jpg,လဵၼ်း
3284.jpg,ၸၼ်း
1111.jpg,ၽင်ႉ
3630.jpg,တဵၼ်း
1781.jpg,ၸၢၼ်ႇ
3014.jpg,ပိင်ႈ
2716.jpg,ႁၢႆ
362.jpg,ၸၢမ်ႉ
3054.jpg,ၵတ်ႉ
2043.jpg,ၽၢႆႇ
1241.jpg,ေလႃႉ
2409.jpg,ပီႇ
3066.jpg,တုပ်ႈ
1955.jpg,ႁိူတ်ႇ
3541.jpg,သၼ်ႈ
3721.jpg,ထိဝ်
3057.jpg,ႁူမ်ႈ
851.jpg,ေပႊ
1325.jpg,မွၼ်ႈ
1647.jpg,ၼင်း
473.jpg,တၢၼ်ႈ
401.jpg,ႁၢမ်
917.jpg,တုမ်း
2316.jpg,ၵိူပ်ႇ
283.jpg,သွႆႉ
3258.jpg,ၶုမ်ႇ
1026.jpg,ၶိုဝ်ႇ
2367.jpg,ယႅတ်ႉ
3086.jpg,ၸူ
961.jpg,ဝွၼ်ႇ
3171.jpg,ယႂ်ႉ
3614.jpg,ဢၼ်ႈ
1218.jpg,ပဵတ်း
1085.jpg,ဝဝ်
2659.jpg,မိၼ်ႈ
2759.jpg,ဝိုၼ်း
160.jpg,ၵွမ်ႈ
495.jpg,ၶဵတ်း
1648.jpg,ၼဵပ်ႈ
3229.jpg,ရူတ်ႉ
3399.jpg,သုတ်ႇ
1585.jpg,ေယႃ
3767.jpg,ပိင်ႈ
1147.jpg,ၸိူင်ႇ
2647.jpg,ၵွင်ႉ
790.jpg,မိင်ႇ
516.jpg,ေသႊ
456.jpg,ဝဝ်ႈ
2972.jpg,ဢိူၼ်
1660.jpg,မဝ်ႊ
3216.jpg,မုင်
2369.jpg,သၢႆႊ
394.jpg,ၺႅမ်ႈ
453.jpg,ဝိတ်ႉ
2224.jpg,လွၺ်ႇ
1759.jpg,မဵၼ်ႈ
3725.jpg,ၸၢင်ႉ
3211.jpg,ယူဝ်ႈ
1797.jpg,ၵႂႆ
868.jpg,လီႉ
529.jpg,ႁွမ်ႇ
3917.jpg,သဵမ်ႇ
2765.jpg,သိူမ်
232.jpg,တိပ်ႉ
127.jpg,ပၼ်ႈ
3786.jpg,လႅဝ်း
3876.jpg,ဝၢၵ်ႊ
2772.jpg,ဢိူၵ်း
3997.jpg,လဵင်း
1960.jpg,ေယႉ
1482.jpg,ဝၢတ်ႇ
2497.jpg,ထဝ်
4046.jpg,ၶူမ်ႇ
1286.jpg,လဵဝ်ႊ
3351.jpg,ထၢႆး
1749.jpg,ငိူမ်ႉ
369.jpg,ဢၼ်ႇ
492.jpg,သပ်ႉ
3584.jpg,ဝူမ်
1100.jpg,ထင်
3887.jpg,မႅတ်ႈ
668.jpg,ေၶႃး
1576.jpg,ႁူဝ်ႈ
3309.jpg,ယဝ်ႉ
923.jpg,သႆႇ
1899.jpg,ၶွၼ်ႇ
123.jpg,တြႃး
599.jpg,ဝၢင်ႇ
112.jpg,ထၢတ်ႇ
1044.jpg,သမ်ႈ
2802.jpg,ဢႅဝ်း
676.jpg,ၵၢႆ
1132.jpg,သႃး
3603.jpg,ေပ
1034.jpg,ၶုမ်း
1633.jpg,ယဝ်
1431.jpg,ဢိုတ်း
21.jpg,ယူႈ
2628.jpg,သိုၼ်း
1909.jpg,ပုမ်း
517.jpg,ငိူမ်ႉ
3895.jpg,ၵဝ်ႇ
2851.jpg,ဝိတ်ႉ
2278.jpg,သိုမ်
1486.jpg,တူၼ်ႈ
1563.jpg,ေလႇ
2028.jpg,ပဝ်း
2078.jpg,ငီႇ
1500.jpg,ငႃႈ
3433.jpg,မိၼ်ႉ
2483.jpg,ၵိုတ်ႉ
753.jpg,မုၵ်ႉ
1220.jpg,ပၢၼ်ႇ
1709.jpg,ဝိုဝ်ႊ
1558.jpg,ဢိဝ်
459.jpg,ႄတႉ
2698.jpg,လွတ်း
426.jpg,လုၼ်
1845.jpg,ပႆႊ
4033.jpg,ဝိုတ်ႉ
603.jpg,မုင်ႈ
1975.jpg,ႁွင်ႉ
3347.jpg,ၶုမ်း
3669.jpg,ဢုပ်ႉ
1003.jpg,ေပး
3534.jpg,ၽုတ်ႇ
2324.jpg,ပႅဝ်ႈ
902.jpg,ႁိုၵ်း
2729.jpg,ဢုင်ႈ
1522.jpg,တိတ်ႉ
1429.jpg,ယႅဝ်
3209.jpg,ၽွင်း
3248.jpg,လွတ်ႇ
1619.jpg,ၶွႆ
3859.jpg,မၢင်း
2941.jpg,ငူမ်ႈ
3454.jpg,တတ်း
2092.jpg,ႁိုင်
3546.jpg,ႁမ်ႈ
3828.jpg,ၶျႃး
384.jpg,ႁွၵ်ႈ
1867.jpg,ၵၢမ်
1492.jpg,လုင်ႇ
2835.jpg,ၶႅၵ်း
2214.jpg,ၵိၵ်ႇ
88.jpg,တုတ်ႈ
748.jpg,ၶုင်ႈ
2094.jpg,ၶူပ်ႈ
3549.jpg,ထင်ႈ
3563.jpg,ၶၢႆ
2537.jpg,ၸႅၵ်း
3285.jpg,တွင်ႉ
2004.jpg,ၵႆႈ
4080.jpg,မႅပ်ႉ
3605.jpg,ပိူမ်ႉ
3292.jpg,ဢႂ်ႇ
299.jpg,လၢၼ်
310.jpg,ဝႅၵ်ႉ
657.jpg,ပူၺ်း
1155.jpg,ဢွၺ်ႇ
1203.jpg,တူၵ်ႈ
2123.jpg,သိူဝ်ႈ
1112.jpg,ႁိုၼ်း
631.jpg,ၶွမ်ႇ
3668.jpg,ၸႂ်ႈ
2389.jpg,တုမ်း
614.jpg,ေၵး
3791.jpg,ဝိၼ်ႇ
1182.jpg,ၶၢမ်
3528.jpg,ႁၢဝ်ႈ
2898.jpg,ႁိုမ်း
3803.jpg,တုမ်ႈ
1210.jpg,ႁုတ်ႉ
2259.jpg,ထိူပ်း
2249.jpg,ယွင်
313.jpg,ယဝ်ႇ
3722.jpg,ၽိူင်း
55.jpg,ထူဝ်
1490.jpg,ထိတ်ႉ
2922.jpg,ဝိုၼ်ႈ
3492.jpg,ၼူမ်း
3484.jpg,ဢဵၵ်း
1553.jpg,ၵၵ်ႉ
2442.jpg,ႁွင်ႇ
2407.jpg,ၵိူၵ်ႇ
995.jpg,ဝူတ်း
3481.jpg,ၶိူင်ႇ
2188.jpg,ပၢၼ်ႊ
912.jpg,လွၼ်ႊ
2938.jpg,ၶူဝ်ႈ
1156.jpg,ယၢၵ်ႇ
617.jpg,ဢၢၼ်း
1684.jpg,ၸႅဝ်ႊ
3030.jpg,ယႅမ်ႇ
1509.jpg,ပဵဝ်ႉ
1304.jpg,ပွင်ႉ
1022.jpg,ပူဝ်း
2399.jpg,တိူၵ်ႊ
2714.jpg,ေဢႇ
270.jpg,ပွၵ်ႈ
2218.jpg,ႁဵဝ်
860.jpg,ေၺႃႉ
3018.jpg,ၶတ်ႈ
943.jpg,သဵဝ်ႈ
592.jpg,ဢၼ်ႇ
499.jpg,ဢွမ်ႈ
895.jpg,ပူၺ်ႇ
2129.jpg,လိတ်ႉ
1610.jpg,တၢဝ်ႈ
3182.jpg,ၶိင်း
64.jpg,ထႂၢၵ်ႈ
1586.jpg,ၸၼ်ႉ
56.jpg,ၸုၼ်ႇ
3420.jpg,ဢွၺ်ႇ
1248.jpg,ၼႂ်း
1073.jpg,ဢိဝ်ႈ
3206.jpg,ထိမ်ႈ
1205.jpg,ထုင်ႈ
132.jpg,ၽိူၵ်ႇ
2199.jpg,ၶူင်
2071.jpg,ၼုၼ်း
1069.jpg,ဢူမ်ႊ
708.jpg,ယူမ်ႇ
2884.jpg,ၸဵတ်း
2003.jpg,တူင်ႊ
2822.jpg,ၼဵၼ်ႉ
2434.jpg,ၶႂၢမ်း
392.jpg,ၶူၺ်
678.jpg,သႅၵ်ႇ
3217.jpg,ၸိူၵ်ႈ
2247.jpg,မူႉ
3815.jpg,မူၼ်ႇ
39.jpg,ဢၢၵ်း
1538.jpg,ၵုမ်ႉ
3495.jpg,ငႅမ်ႊ
3311.jpg,ၶိူင်ႈ
4025.jpg,မွတ်း
3460.jpg,ငၢဝ်ႈ
119.jpg,ၶူၼ်း
3106.jpg,ၽူတ်ႉ
345.jpg,ႁိူတ်ႈ
3376.jpg,ၶႆး
3785.jpg,သီ
2932.jpg,ေမႇ
620.jpg,ႁႂ်ႈ
2220.jpg,ႄလႉ
3390.jpg,သိုပ်ႇ
2031.jpg,မိုၼ်ႊ
2510.jpg,သႅင်
182.jpg,ႁၢဝ်ႈ
2524.jpg,ၶႂၢၵ်ႇ
1209.jpg,ပင်
1297.jpg,မုၼ်ႊ
701.jpg,ႁိုတ်ႉ
3833.jpg,ႁွႆ
3350.jpg,ႁၼ်
1620.jpg,လဵၼ်ႈ
1752.jpg,ထုမ်ႉ
755.jpg,ပဝ်ႊ
3163.jpg,သႅင်ႉ
2325.jpg,ၵႅဝ်း
3444.jpg,တွၼ်ႊ
466.jpg,ငူၺ်း
2062.jpg,ဝွၵ်ႈ
3236.jpg,ၶိုင်ႊ
284.jpg,ၾၢင်ႉ
1502.jpg,ႁၢပ်ႈ
2433.jpg,ၼၼ်
3998.jpg,ႁွင်ႈ
276.jpg,ၸၵ်ႈ
1784.jpg,ေဢ
57.jpg,လႅၵ်ႈ
1416.jpg,ၶွၵ်ႇ
130.jpg,ၶိုၵ်း
1589.jpg,ႁိမ်း
693.jpg,ယၢၵ်ႈ
267.jpg,ငွင်ႉ
3755.jpg,လၼ်ႇ
2948.jpg,လွတ်ႇ
743.jpg,သဝ်ႇ
1270.jpg,ၼိူင်း
3811.jpg,ၵႅပ်ႊ
1866.jpg,ပဵတ်ႈ
1652.jpg,မီ
2900.jpg,ၸၢပ်ႇ
228.jpg,ထုၵ်း
513.jpg,ၽွင်ႈ
2250.jpg,မၢၵ်ႇ
3618.jpg,ဢၢမ်
1493.jpg,ၼွၵ်ႈ
3734.jpg,ဝၢႆ
2523.jpg,ႁိူတ်ႇ
4012.jpg,တွင်း
831.jpg,ေၼႃႇ
1484.jpg,ယပ်ႉ
3841.jpg,ဢႅဝ်း
1354.jpg,ၵၢၵ်ႈ
911.jpg,ပိဝ်
1568.jpg,တၢႆႇ
4071.jpg,ဢုပ်ႉ
3678.jpg,ေသႇ
1215.jpg,တိုဝ်
1240.jpg,ၸုၼ်ႇ
689.jpg,ဝူၺ်ႉ
390.jpg,ယၢင်ႇ
3597.jpg,မိပ်
2173.jpg,လူတ်ႊ
3992.jpg,ႁိုင်
3094.jpg,ႁဵၼ်း
1822.jpg,ေဢႈ
3253.jpg,မီ
1507.jpg,ပႅၼ်ႊ
3234.jpg,ယွင်ႉ
2211.jpg,ၵပ်ႉ
440.jpg,ယိုၵ်း
190.jpg,ယဵဝ်
601.jpg,သွၼ်ႉ
2285.jpg,ၽူဝ်
625.jpg,တဝ်ႊ
2614.jpg,လိုင်ႈ
481.jpg,သႅတ်ႈ
3480.jpg,ၸုၼ်ႇ
737.jpg,ၵုပ်း
3000.jpg,တၢမ်ႊ
424.jpg,ဝူၼ်ႇ
2749.jpg,ယွတ်ႈ
1316.jpg,မိတ်း
3427.jpg,ယႅင်ႉ
1024.jpg,ၽွၼ်ႇ
3067.jpg,ႁဵဝ်း
3643.jpg,ၶိူင်
810.jpg,ဢပ်း
3432.jpg,ဢၢၵ်း
3962.jpg,သုပ်ႉ
200.jpg,လွမ်
436.jpg,ၵဵၼ်း
738.jpg,ယွပ်ႈ
2058.jpg,တဝ်ႈ
1699.jpg,လွမ်
730.jpg,ထၢပ်ႇ
1388.jpg,ၸူၵ်ႇ
2691.jpg,ဢႆႇ@i2
2526.jpg,ဢမ်း
3213.jpg,ႁဵဝ်ႈ
879.jpg,ဝွၵ်ႇ
1584.jpg,တႃႇ
2554.jpg,ႄယႉ
3485.jpg,ဢိဝ်ႇ
1471.jpg,ၽိုၼ်ႉ
3733.jpg,ငၢၼ်ႉ
1381.jpg,ပွၵ်ႊ
3718.jpg,ၸွမ်ႈ
2446.jpg,ပူၼ်း
3798.jpg,ၵုၼ်ႉ
2137.jpg,လူဝ်ႉ
3076.jpg,ထႅၵ်ႇ
2196.jpg,ဝိူင်ႈ
3313.jpg,လင်ႇ
2662.jpg,လႅၵ်ႈ
3499.jpg,ထဵတ်ႈ
3973.jpg,ထိဝ်း
2070.jpg,တႅပ်ႉ
3806.jpg,ဢူပ်း
807.jpg,သၵ်ႉ
180.jpg,မင်ႇ
803.jpg,ထိပ်ႇ
2323.jpg,ၶွႆႊ
2463.jpg,လဵဝ်
3690.jpg,မုပ်း
458.jpg,မဵင်
1924.jpg,မႅၼ်ႇ
1978.jpg,ထဝ်း
1441.jpg,ၶင်ႈ
3747.jpg,ၸွတ်ႇ
3280.jpg,လၼ်ႊ
968.jpg,လၢဝ်
2578.jpg,ၼႅင်
1252.jpg,ၽွၺ်း
2975.jpg,ၼူတ်ႈ
844.jpg,ၽွင်
1746.jpg,ၼူၼ်း
1243.jpg,လူင်ႇ
2207.jpg,သွင်ႊ
3125.jpg,ၽၢတ်ႊ
471.jpg,ယူပ်ႈ
2461.jpg,ၸီႉ
2056.jpg,ဝႆ
1811.jpg,ၶုၼ်ႈ
3128.jpg,ဢုတ်ႇ
3409.jpg,ၽူႈ
596.jpg,ပုမ်
792.jpg,ၶႂႃ
460.jpg,ဝိူဝ်
2733.jpg,ဢႃႇ
2678.jpg,မွၵ်ႈ
2976.jpg,ဢုင်ႊ
1089.jpg,ဢိင်း
981.jpg,တွပ်ႉ
1604.jpg,သွၼ်
2065.jpg,ၵွမ်ႉ
3178.jpg,ေသႊ
1234.jpg,ၵၢၵ်ႈ
2920.jpg,ၵမ်ႇ
2704.jpg,ေၵႇ
2776.jpg,လၵ်ႉ
3302.jpg,သႅၼ်ႇ
27.jpg,မႆ